tags,long,lat,dTime,source_file
254025_0,-121.5241741,35.55347439,2024-05-12T05:00:00Z,254025-RawArgos_pred_6h.csv
254025_0,-121.7049392,35.72128451,2024-05-12T11:00:00Z,254025-RawArgos_pred_6h.csv
254025_0,-121.7194353,35.82639682,2024-05-12T17:00:00Z,254025-RawArgos_pred_6h.csv
254025_0,-121.7620364,35.90719524,2024-05-12T23:00:00Z,254025-RawArgos_pred_6h.csv
254025_0,-121.8092219,36.04851109,2024-05-13T05:00:00Z,254025-RawArgos_pred_6h.csv
254025_0,-121.9640398,36.10751886,2024-05-13T11:00:00Z,254025-RawArgos_pred_6h.csv
254025_0,-121.9721452,36.07147722,2024-05-13T17:00:00Z,254025-RawArgos_pred_6h.csv
254025_0,-121.9556153,36.07853953,2024-05-13T23:00:00Z,254025-RawArgos_pred_6h.csv
254025_0,-122.0537348,36.17924289,2024-05-14T05:00:00Z,254025-RawArgos_pred_6h.csv
254025_0,-122.1225399,36.25142433,2024-05-14T11:00:00Z,254025-RawArgos_pred_6h.csv
254025_0,-122.099625,36.21474402,2024-05-14T17:00:00Z,254025-RawArgos_pred_6h.csv
254025_0,-122.0430603,36.13762597,2024-05-14T23:00:00Z,254025-RawArgos_pred_6h.csv
254025_0,-122.0765033,36.11521103,2024-05-15T05:00:00Z,254025-RawArgos_pred_6h.csv
254025_0,-122.1368366,36.14518554,2024-05-15T11:00:00Z,254025-RawArgos_pred_6h.csv
254025_0,-122.1376297,36.21183066,2024-05-15T17:00:00Z,254025-RawArgos_pred_6h.csv
254025_0,-122.1866435,36.21138193,2024-05-15T23:00:00Z,254025-RawArgos_pred_6h.csv
254025_0,-122.2618476,36.23092834,2024-05-16T05:00:00Z,254025-RawArgos_pred_6h.csv
254025_0,-122.2790898,36.35725728,2024-05-16T11:00:00Z,254025-RawArgos_pred_6h.csv
254025_0,-122.3240854,36.51521001,2024-05-16T17:00:00Z,254025-RawArgos_pred_6h.csv
254025_0,-122.321443,36.49907531,2024-05-16T23:00:00Z,254025-RawArgos_pred_6h.csv
254025_0,-122.3718539,36.43660834,2024-05-17T05:00:00Z,254025-RawArgos_pred_6h.csv
254025_0,-122.3576652,36.45948098,2024-05-17T11:00:00Z,254025-RawArgos_pred_6h.csv
254025_0,-122.1306762,36.35104018,2024-05-17T17:00:00Z,254025-RawArgos_pred_6h.csv
254025_0,-122.249281,36.35190742,2024-05-17T23:00:00Z,254025-RawArgos_pred_6h.csv
254025_0,-122.4003781,36.41966246,2024-05-18T05:00:00Z,254025-RawArgos_pred_6h.csv
254025_0,-122.4327592,36.56190698,2024-05-18T11:00:00Z,254025-RawArgos_pred_6h.csv
254025_0,-122.4192868,36.64697247,2024-05-18T17:00:00Z,254025-RawArgos_pred_6h.csv
254025_0,-122.475847,36.64225526,2024-05-18T23:00:00Z,254025-RawArgos_pred_6h.csv
254025_0,-122.5662868,36.6292266,2024-05-19T05:00:00Z,254025-RawArgos_pred_6h.csv
254025_0,-122.3619616,36.6863324,2024-05-19T11:00:00Z,254025-RawArgos_pred_6h.csv
254025_0,-122.0918195,36.61004512,2024-05-19T17:00:00Z,254025-RawArgos_pred_6h.csv
254025_0,-122.0198275,36.57855649,2024-05-19T23:00:00Z,254025-RawArgos_pred_6h.csv
254025_0,-122.043874,36.71595852,2024-05-20T05:00:00Z,254025-RawArgos_pred_6h.csv
254025_0,-122.0762449,36.85132629,2024-05-20T11:00:00Z,254025-RawArgos_pred_6h.csv
254025_0,-122.1446736,36.79752669,2024-05-20T17:00:00Z,254025-RawArgos_pred_6h.csv
254025_0,-122.2107739,36.89216381,2024-05-20T23:00:00Z,254025-RawArgos_pred_6h.csv
254025_0,-122.4826166,36.93077982,2024-05-21T05:00:00Z,254025-RawArgos_pred_6h.csv
254025_0,-122.4357697,36.92329003,2024-05-21T11:00:00Z,254025-RawArgos_pred_6h.csv
254025_0,-122.3735898,36.77852274,2024-05-21T17:00:00Z,254025-RawArgos_pred_6h.csv
254025_0,-122.519039,36.74041127,2024-05-21T23:00:00Z,254025-RawArgos_pred_6h.csv
254025_0,-122.596439,36.73244425,2024-05-22T05:00:00Z,254025-RawArgos_pred_6h.csv
254025_0,-122.5563873,36.72368292,2024-05-22T11:00:00Z,254025-RawArgos_pred_6h.csv
254025_0,-122.4614432,36.70842556,2024-05-22T17:00:00Z,254025-RawArgos_pred_6h.csv
254025_0,-122.4537023,36.65398749,2024-05-22T23:00:00Z,254025-RawArgos_pred_6h.csv
254025_0,-122.4701149,36.69103442,2024-05-23T05:00:00Z,254025-RawArgos_pred_6h.csv
254025_0,-122.4987913,36.74720582,2024-05-23T11:00:00Z,254025-RawArgos_pred_6h.csv
254025_0,-122.537447,36.78070673,2024-05-23T17:00:00Z,254025-RawArgos_pred_6h.csv
254025_0,-122.4077319,36.78797102,2024-05-23T23:00:00Z,254025-RawArgos_pred_6h.csv
254025_0,-122.4523779,36.75111625,2024-05-24T05:00:00Z,254025-RawArgos_pred_6h.csv
254025_0,-122.4746181,36.8247512,2024-05-24T11:00:00Z,254025-RawArgos_pred_6h.csv
254025_0,-122.393489,36.85450186,2024-05-24T17:00:00Z,254025-RawArgos_pred_6h.csv
254025_0,-122.336154,36.87060861,2024-05-24T23:00:00Z,254025-RawArgos_pred_6h.csv
254025_0,-122.4421221,36.89974557,2024-05-25T05:00:00Z,254025-RawArgos_pred_6h.csv
254025_0,-122.486707,36.920464870000004,2024-05-25T11:00:00Z,254025-RawArgos_pred_6h.csv
254025_0,-122.5636322,36.90373875,2024-05-25T17:00:00Z,254025-RawArgos_pred_6h.csv
254025_0,-122.61225,36.89280445,2024-05-25T23:00:00Z,254025-RawArgos_pred_6h.csv
254025_0,-122.7515588,36.9595893,2024-05-26T05:00:00Z,254025-RawArgos_pred_6h.csv
254025_0,-122.7584448,37.00783993,2024-05-26T11:00:00Z,254025-RawArgos_pred_6h.csv
254025_0,-122.7973852,36.97310077,2024-05-26T17:00:00Z,254025-RawArgos_pred_6h.csv
254025_0,-122.7842301,37.10469806,2024-05-26T23:00:00Z,254025-RawArgos_pred_6h.csv
254025_0,-122.9201583,37.12687005,2024-05-27T05:00:00Z,254025-RawArgos_pred_6h.csv
254025_0,-122.8851092,36.99205129,2024-05-27T11:00:00Z,254025-RawArgos_pred_6h.csv
254025_0,-122.6627235,36.8799008,2024-05-27T17:00:00Z,254025-RawArgos_pred_6h.csv
254025_0,-122.4533046,36.90001052,2024-05-27T23:00:00Z,254025-RawArgos_pred_6h.csv
254025_0,-122.4103382,36.87275533,2024-05-28T05:00:00Z,254025-RawArgos_pred_6h.csv
254025_0,-122.3978371,36.89962218,2024-05-28T11:00:00Z,254025-RawArgos_pred_6h.csv
254025_0,-122.3428258,36.93297867,2024-05-28T17:00:00Z,254025-RawArgos_pred_6h.csv
254025_0,-122.4760783,36.90460572,2024-05-28T23:00:00Z,254025-RawArgos_pred_6h.csv
254025_0,-122.618908,36.96954125,2024-05-29T05:00:00Z,254025-RawArgos_pred_6h.csv
254025_0,-122.6704899,37.04148697,2024-05-29T11:00:00Z,254025-RawArgos_pred_6h.csv
254025_0,-122.6574198,37.0310171,2024-05-29T17:00:00Z,254025-RawArgos_pred_6h.csv
254025_0,-122.6342265,37.05314049,2024-05-29T23:00:00Z,254025-RawArgos_pred_6h.csv
254025_0,-122.6749108,37.06913958,2024-05-30T05:00:00Z,254025-RawArgos_pred_6h.csv
254025_0,-122.6691841,37.05172116,2024-05-30T11:00:00Z,254025-RawArgos_pred_6h.csv
254025_0,-122.5870739,37.01199848,2024-05-30T17:00:00Z,254025-RawArgos_pred_6h.csv
254025_0,-122.5831809,36.95238986,2024-05-30T23:00:00Z,254025-RawArgos_pred_6h.csv
254025_0,-122.6372929,36.92401626,2024-05-31T05:00:00Z,254025-RawArgos_pred_6h.csv
254025_0,-122.5637025,36.82965368,2024-05-31T11:00:00Z,254025-RawArgos_pred_6h.csv
254025_0,-122.5164625,36.85881941,2024-05-31T17:00:00Z,254025-RawArgos_pred_6h.csv
254025_0,-122.4790246,36.82155893,2024-05-31T23:00:00Z,254025-RawArgos_pred_6h.csv
254025_0,-122.653632,36.84650556,2024-06-01T05:00:00Z,254025-RawArgos_pred_6h.csv
254025_0,-122.6854417,36.83576762,2024-06-01T11:00:00Z,254025-RawArgos_pred_6h.csv
254025_0,-122.6565216,36.94591317,2024-06-01T17:00:00Z,254025-RawArgos_pred_6h.csv
254025_0,-122.7118621,37.01593599,2024-06-01T23:00:00Z,254025-RawArgos_pred_6h.csv
254025_0,-122.7649271,37.05803934,2024-06-02T05:00:00Z,254025-RawArgos_pred_6h.csv
254025_0,-122.7892415,37.05799454,2024-06-02T11:00:00Z,254025-RawArgos_pred_6h.csv
254025_0,-122.7623687,37.0110586,2024-06-02T17:00:00Z,254025-RawArgos_pred_6h.csv
254025_0,-122.8209921,37.07425124,2024-06-02T23:00:00Z,254025-RawArgos_pred_6h.csv
254025_0,-122.8958544,37.08885178,2024-06-03T05:00:00Z,254025-RawArgos_pred_6h.csv
254025_0,-122.7076774,37.02548166,2024-06-03T11:00:00Z,254025-RawArgos_pred_6h.csv
254025_0,-122.7066668,37.04529805,2024-06-03T17:00:00Z,254025-RawArgos_pred_6h.csv
254025_0,-122.7151958,36.92447707,2024-06-03T23:00:00Z,254025-RawArgos_pred_6h.csv
254025_0,-122.6800546,36.87209056,2024-06-04T05:00:00Z,254025-RawArgos_pred_6h.csv
254025_0,-122.6149414,36.74343591,2024-06-04T11:00:00Z,254025-RawArgos_pred_6h.csv
254025_0,-122.6923552,36.72365214,2024-06-04T17:00:00Z,254025-RawArgos_pred_6h.csv
254025_0,-122.542304,36.66356019,2024-06-04T23:00:00Z,254025-RawArgos_pred_6h.csv
254025_0,-122.4928121,36.76803067,2024-06-05T05:00:00Z,254025-RawArgos_pred_6h.csv
254025_0,-122.3588661,36.85516689,2024-06-05T11:00:00Z,254025-RawArgos_pred_6h.csv
254025_0,-122.359167,36.91272979,2024-06-05T17:00:00Z,254025-RawArgos_pred_6h.csv
254025_0,-122.3208026,36.92952143,2024-06-05T23:00:00Z,254025-RawArgos_pred_6h.csv
254025_0,-122.3156567,36.90147735,2024-06-06T05:00:00Z,254025-RawArgos_pred_6h.csv
254025_0,-122.3556516,36.8709091,2024-06-06T11:00:00Z,254025-RawArgos_pred_6h.csv
254025_0,-122.2921185,36.91670753,2024-06-06T17:00:00Z,254025-RawArgos_pred_6h.csv
254025_0,-122.2653506,36.92791639,2024-06-06T23:00:00Z,254025-RawArgos_pred_6h.csv
254025_0,-122.2748943,36.90185199,2024-06-07T05:00:00Z,254025-RawArgos_pred_6h.csv
254025_0,-122.3018662,36.91539541,2024-06-07T11:00:00Z,254025-RawArgos_pred_6h.csv
254025_0,-122.2576345,36.79657658,2024-06-07T17:00:00Z,254025-RawArgos_pred_6h.csv
254025_0,-122.2797091,36.7187896,2024-06-07T23:00:00Z,254025-RawArgos_pred_6h.csv
254025_0,-122.3457644,36.86728005,2024-06-08T05:00:00Z,254025-RawArgos_pred_6h.csv
254025_0,-122.2685339,36.88434978,2024-06-08T11:00:00Z,254025-RawArgos_pred_6h.csv
254025_0,-122.1777447,36.84128551,2024-06-08T17:00:00Z,254025-RawArgos_pred_6h.csv
254025_0,-122.1850018,36.84212161,2024-06-08T23:00:00Z,254025-RawArgos_pred_6h.csv
254025_0,-122.2538142,36.8335439,2024-06-09T05:00:00Z,254025-RawArgos_pred_6h.csv
254025_0,-122.1908866,36.79970222,2024-06-09T11:00:00Z,254025-RawArgos_pred_6h.csv
254025_0,-122.224771,36.89742503,2024-06-09T17:00:00Z,254025-RawArgos_pred_6h.csv
254025_0,-122.3488362,36.94967045,2024-06-09T23:00:00Z,254025-RawArgos_pred_6h.csv
254025_0,-122.4704167,36.89053138,2024-06-10T05:00:00Z,254025-RawArgos_pred_6h.csv
254025_0,-122.4886969,36.90784183,2024-06-10T11:00:00Z,254025-RawArgos_pred_6h.csv
254025_0,-122.4510599,36.99563632,2024-06-10T17:00:00Z,254025-RawArgos_pred_6h.csv
254025_0,-122.4821039,37.01513229,2024-06-10T23:00:00Z,254025-RawArgos_pred_6h.csv
254025_0,-122.5329815,37.13709943,2024-06-11T05:00:00Z,254025-RawArgos_pred_6h.csv
254025_0,-122.5413887,37.17635731,2024-06-11T11:00:00Z,254025-RawArgos_pred_6h.csv
254025_0,-122.5534718,37.19284338,2024-06-11T17:00:00Z,254025-RawArgos_pred_6h.csv
254025_0,-122.6149015,37.17727744,2024-06-11T23:00:00Z,254025-RawArgos_pred_6h.csv
254025_0,-122.6010796,37.12975,2024-06-12T05:00:00Z,254025-RawArgos_pred_6h.csv
254025_0,-122.5558779,37.06764854,2024-06-12T11:00:00Z,254025-RawArgos_pred_6h.csv
254025_0,-122.490156,37.12295154,2024-06-12T17:00:00Z,254025-RawArgos_pred_6h.csv
254025_0,-122.548169,37.20775954,2024-06-12T23:00:00Z,254025-RawArgos_pred_6h.csv
254025_0,-122.5835501,37.28324178,2024-06-13T05:00:00Z,254025-RawArgos_pred_6h.csv
254025_0,-122.6007254,37.29816953,2024-06-13T11:00:00Z,254025-RawArgos_pred_6h.csv
254025_0,-122.7194253,37.31065706,2024-06-13T17:00:00Z,254025-RawArgos_pred_6h.csv
254025_0,-122.9350494,37.28824218,2024-06-13T23:00:00Z,254025-RawArgos_pred_6h.csv
254025_0,-123.1197047,37.42626179,2024-06-14T05:00:00Z,254025-RawArgos_pred_6h.csv
254025_0,-122.7808273,37.37126623,2024-06-14T11:00:00Z,254025-RawArgos_pred_6h.csv
254025_0,-122.5800599,37.22034866,2024-06-14T17:00:00Z,254025-RawArgos_pred_6h.csv
254025_0,-122.7069607,37.22110125,2024-06-14T23:00:00Z,254025-RawArgos_pred_6h.csv
254025_0,-122.5394076,37.16022469,2024-06-15T05:00:00Z,254025-RawArgos_pred_6h.csv
254025_0,-122.4347194,37.06674626,2024-06-15T11:00:00Z,254025-RawArgos_pred_6h.csv
254025_0,-122.4901484,37.02678062,2024-06-15T17:00:00Z,254025-RawArgos_pred_6h.csv
254025_0,-122.6341117,36.97637676,2024-06-15T23:00:00Z,254025-RawArgos_pred_6h.csv
254025_0,-122.4787641,37.00596109,2024-06-16T05:00:00Z,254025-RawArgos_pred_6h.csv
254025_0,-122.4662714,37.01177995,2024-06-16T11:00:00Z,254025-RawArgos_pred_6h.csv
254025_0,-122.3947289,37.04835774,2024-06-16T17:00:00Z,254025-RawArgos_pred_6h.csv
254025_0,-122.4469837,36.97585296,2024-06-16T23:00:00Z,254025-RawArgos_pred_6h.csv
254025_0,-122.3918127,37.01507055,2024-06-17T05:00:00Z,254025-RawArgos_pred_6h.csv
254025_0,-122.3739975,36.99241963,2024-06-17T11:00:00Z,254025-RawArgos_pred_6h.csv
254025_0,-122.3376384,37.04308619,2024-06-17T17:00:00Z,254025-RawArgos_pred_6h.csv
254025_0,-122.358888,36.98389249,2024-06-17T23:00:00Z,254025-RawArgos_pred_6h.csv
254025_0,-122.36857,37.02863566,2024-06-18T05:00:00Z,254025-RawArgos_pred_6h.csv
254025_0,-122.3491043,37.02506828,2024-06-18T11:00:00Z,254025-RawArgos_pred_6h.csv
254025_0,-122.511421,37.05358027,2024-06-18T17:00:00Z,254025-RawArgos_pred_6h.csv
254025_0,-122.6255186,36.94962753,2024-06-18T23:00:00Z,254025-RawArgos_pred_6h.csv
254025_0,-122.8147816,36.95194379,2024-06-19T05:00:00Z,254025-RawArgos_pred_6h.csv
254025_0,-122.8840335,37.03006539,2024-06-19T11:00:00Z,254025-RawArgos_pred_6h.csv
254025_0,-122.7333275,37.05834193,2024-06-19T17:00:00Z,254025-RawArgos_pred_6h.csv
254026_0,-122.0637,36.9493,2024-04-08T17:00:00Z,254026-RawArgos_pred_6h.csv
254026_0,-122.056484,36.93970164,2024-04-08T23:00:00Z,254026-RawArgos_pred_6h.csv
254026_0,-122.0415147,36.92034097,2024-04-09T05:00:00Z,254026-RawArgos_pred_6h.csv
254026_0,-122.0209301,36.89466889,2024-04-09T11:00:00Z,254026-RawArgos_pred_6h.csv
254026_0,-121.996134,36.86516047,2024-04-09T17:00:00Z,254026-RawArgos_pred_6h.csv
254026_0,-121.9685304,36.83429374,2024-04-09T23:00:00Z,254026-RawArgos_pred_6h.csv
254026_0,-121.9395231,36.80455054,2024-04-10T05:00:00Z,254026-RawArgos_pred_6h.csv
254026_0,-121.9105161,36.77841654,2024-04-10T11:00:00Z,254026-RawArgos_pred_6h.csv
254026_0,-121.8829132,36.75838046,2024-04-10T17:00:00Z,254026-RawArgos_pred_6h.csv
254026_0,-121.8581183,36.74693249,2024-04-10T23:00:00Z,254026-RawArgos_pred_6h.csv
254026_0,-121.8375353,36.74656189,2024-04-11T05:00:00Z,254026-RawArgos_pred_6h.csv
254026_0,-121.8225681,36.75975375,2024-04-11T11:00:00Z,254026-RawArgos_pred_6h.csv
254026_0,-121.8146207,36.788985,2024-04-11T17:00:00Z,254026-RawArgos_pred_6h.csv
254026_0,-121.8414107,36.79987466,2024-04-11T23:00:00Z,254026-RawArgos_pred_6h.csv
254026_0,-121.9201647,36.7945531,2024-04-12T05:00:00Z,254026-RawArgos_pred_6h.csv
254026_0,-121.9339149,36.79044465,2024-04-12T11:00:00Z,254026-RawArgos_pred_6h.csv
254026_0,-121.9423179,36.8055873,2024-04-12T17:00:00Z,254026-RawArgos_pred_6h.csv
254026_0,-121.8857548,36.76614552,2024-04-12T23:00:00Z,254026-RawArgos_pred_6h.csv
254026_0,-121.9302966,36.74945408,2024-04-13T05:00:00Z,254026-RawArgos_pred_6h.csv
254026_0,-121.8684883,36.74851143,2024-04-13T11:00:00Z,254026-RawArgos_pred_6h.csv
254026_0,-121.8738551,36.74350702,2024-04-13T17:00:00Z,254026-RawArgos_pred_6h.csv
254026_0,-121.9385219,36.7451442,2024-04-13T23:00:00Z,254026-RawArgos_pred_6h.csv
254026_0,-121.8935071,36.86658976,2024-04-14T05:00:00Z,254026-RawArgos_pred_6h.csv
254026_0,-122.0629086,36.94168633,2024-04-14T11:00:00Z,254026-RawArgos_pred_6h.csv
254026_0,-122.3111689,37.08197106,2024-04-14T17:00:00Z,254026-RawArgos_pred_6h.csv
254026_0,-122.5160072,37.23856177,2024-04-14T23:00:00Z,254026-RawArgos_pred_6h.csv
254026_0,-122.5378452,37.31128336,2024-04-15T05:00:00Z,254026-RawArgos_pred_6h.csv
254026_0,-122.4703451,37.30729755,2024-04-15T11:00:00Z,254026-RawArgos_pred_6h.csv
254026_0,-122.560133,37.37402268,2024-04-15T17:00:00Z,254026-RawArgos_pred_6h.csv
254026_0,-122.7095645,37.52457339,2024-04-15T23:00:00Z,254026-RawArgos_pred_6h.csv
254026_0,-122.7300526,37.61273873,2024-04-16T05:00:00Z,254026-RawArgos_pred_6h.csv
254026_0,-122.790049,37.62527381,2024-04-16T11:00:00Z,254026-RawArgos_pred_6h.csv
254026_0,-122.9346932,37.62144138,2024-04-16T17:00:00Z,254026-RawArgos_pred_6h.csv
254026_0,-122.9872178,37.57571977,2024-04-16T23:00:00Z,254026-RawArgos_pred_6h.csv
254026_0,-123.1156385,37.46805011,2024-04-17T05:00:00Z,254026-RawArgos_pred_6h.csv
254026_0,-123.2162068,37.40042013,2024-04-17T11:00:00Z,254026-RawArgos_pred_6h.csv
254026_0,-123.2583815,37.33116709,2024-04-17T17:00:00Z,254026-RawArgos_pred_6h.csv
254026_0,-123.2654763,37.23882792,2024-04-17T23:00:00Z,254026-RawArgos_pred_6h.csv
254026_0,-123.222204,37.18479775,2024-04-18T05:00:00Z,254026-RawArgos_pred_6h.csv
254026_0,-123.2793339,37.14692927,2024-04-18T11:00:00Z,254026-RawArgos_pred_6h.csv
254026_0,-123.1541723,37.10233299,2024-04-18T17:00:00Z,254026-RawArgos_pred_6h.csv
254026_0,-123.1305816,37.09902179,2024-04-18T23:00:00Z,254026-RawArgos_pred_6h.csv
254026_0,-123.0691372,37.31758358,2024-04-19T05:00:00Z,254026-RawArgos_pred_6h.csv
254026_0,-122.9268526,37.43781061,2024-04-19T11:00:00Z,254026-RawArgos_pred_6h.csv
254026_0,-122.7289765,37.51318685,2024-04-19T17:00:00Z,254026-RawArgos_pred_6h.csv
254026_0,-122.596133,37.44299926,2024-04-19T23:00:00Z,254026-RawArgos_pred_6h.csv
254026_0,-122.6477639,37.39974752,2024-04-20T05:00:00Z,254026-RawArgos_pred_6h.csv
254026_0,-122.621625,37.41760399,2024-04-20T11:00:00Z,254026-RawArgos_pred_6h.csv
254026_0,-122.6162155,37.39665497,2024-04-20T17:00:00Z,254026-RawArgos_pred_6h.csv
254026_0,-122.6598617,37.39370307,2024-04-20T23:00:00Z,254026-RawArgos_pred_6h.csv
254026_0,-122.561533,37.38867411,2024-04-21T05:00:00Z,254026-RawArgos_pred_6h.csv
254026_0,-122.5054631,37.34485275,2024-04-21T11:00:00Z,254026-RawArgos_pred_6h.csv
254026_0,-122.5026745,37.25356122,2024-04-21T17:00:00Z,254026-RawArgos_pred_6h.csv
254026_0,-122.6574703,37.07179053,2024-04-21T23:00:00Z,254026-RawArgos_pred_6h.csv
254026_0,-122.5209872,36.75000869,2024-04-22T05:00:00Z,254026-RawArgos_pred_6h.csv
254026_0,-122.3790888,36.60682048,2024-04-22T11:00:00Z,254026-RawArgos_pred_6h.csv
254026_0,-122.4552688,36.82859336,2024-04-22T17:00:00Z,254026-RawArgos_pred_6h.csv
254026_0,-122.4552125,36.96109904,2024-04-22T23:00:00Z,254026-RawArgos_pred_6h.csv
254026_0,-122.3175548,37.03998415,2024-04-23T05:00:00Z,254026-RawArgos_pred_6h.csv
254026_0,-122.3163234,37.069715,2024-04-23T11:00:00Z,254026-RawArgos_pred_6h.csv
254026_0,-122.5465296,37.13272226,2024-04-23T17:00:00Z,254026-RawArgos_pred_6h.csv
254026_0,-122.7276439,37.28809457,2024-04-23T23:00:00Z,254026-RawArgos_pred_6h.csv
254026_0,-122.8008909,37.37150056,2024-04-24T05:00:00Z,254026-RawArgos_pred_6h.csv
254026_0,-122.8680874,37.38151832,2024-04-24T11:00:00Z,254026-RawArgos_pred_6h.csv
254026_0,-122.9457394,37.43624737,2024-04-24T17:00:00Z,254026-RawArgos_pred_6h.csv
254026_0,-122.9888367,37.41123471,2024-04-24T23:00:00Z,254026-RawArgos_pred_6h.csv
254026_0,-122.9054504,37.53680621,2024-04-25T05:00:00Z,254026-RawArgos_pred_6h.csv
254026_0,-122.9864111,37.69716681,2024-04-25T11:00:00Z,254026-RawArgos_pred_6h.csv
254026_0,-123.213082,37.76384739,2024-04-25T17:00:00Z,254026-RawArgos_pred_6h.csv
254026_0,-123.1418028,37.85933616,2024-04-25T23:00:00Z,254026-RawArgos_pred_6h.csv
254026_2,-122.2837,36.3145,2024-05-14T18:00:00Z,254026-RawArgos_pred_6h.csv
254026_2,-122.3109919,36.28093238,2024-05-15T00:00:00Z,254026-RawArgos_pred_6h.csv
254026_2,-122.2104328,36.40628023,2024-05-15T06:00:00Z,254026-RawArgos_pred_6h.csv
254026_2,-122.264892,36.45387438,2024-05-15T12:00:00Z,254026-RawArgos_pred_6h.csv
254026_2,-122.3050908,36.52336613,2024-05-15T18:00:00Z,254026-RawArgos_pred_6h.csv
254026_2,-122.3877919,36.5092616,2024-05-16T00:00:00Z,254026-RawArgos_pred_6h.csv
254026_2,-122.3816877,36.54272282,2024-05-16T06:00:00Z,254026-RawArgos_pred_6h.csv
254026_2,-122.3798178,36.53280827,2024-05-16T12:00:00Z,254026-RawArgos_pred_6h.csv
254026_2,-122.3996153,36.46089751,2024-05-16T18:00:00Z,254026-RawArgos_pred_6h.csv
254026_2,-122.4497229,36.44774465,2024-05-17T00:00:00Z,254026-RawArgos_pred_6h.csv
254026_2,-122.5504835,36.51310741,2024-05-17T06:00:00Z,254026-RawArgos_pred_6h.csv
254026_2,-122.5267863,36.5061838,2024-05-17T12:00:00Z,254026-RawArgos_pred_6h.csv
254026_2,-122.4945169,36.60224059,2024-05-17T18:00:00Z,254026-RawArgos_pred_6h.csv
254026_2,-122.6222983,36.6972566,2024-05-18T00:00:00Z,254026-RawArgos_pred_6h.csv
254026_2,-122.6484101,36.68252658,2024-05-18T06:00:00Z,254026-RawArgos_pred_6h.csv
254026_2,-122.5292375,36.62703745,2024-05-18T12:00:00Z,254026-RawArgos_pred_6h.csv
254026_2,-122.5262372,36.66475091,2024-05-18T18:00:00Z,254026-RawArgos_pred_6h.csv
254026_2,-122.3468122,36.64300567,2024-05-19T00:00:00Z,254026-RawArgos_pred_6h.csv
254026_2,-122.1802136,36.54781771,2024-05-19T06:00:00Z,254026-RawArgos_pred_6h.csv
254026_2,-122.0904711,36.53133345,2024-05-19T12:00:00Z,254026-RawArgos_pred_6h.csv
254026_2,-122.0428425,36.47057044,2024-05-19T18:00:00Z,254026-RawArgos_pred_6h.csv
254026_2,-122.0294143,36.46628577,2024-05-20T00:00:00Z,254026-RawArgos_pred_6h.csv
254026_2,-122.046741,36.44246027,2024-05-20T06:00:00Z,254026-RawArgos_pred_6h.csv
254026_2,-122.0137875,36.46850436,2024-05-20T12:00:00Z,254026-RawArgos_pred_6h.csv
254026_2,-122.0856573,36.38887867,2024-05-20T18:00:00Z,254026-RawArgos_pred_6h.csv
254026_2,-122.1330634,36.33736762,2024-05-21T00:00:00Z,254026-RawArgos_pred_6h.csv
254026_2,-122.163277,36.30093159,2024-05-21T06:00:00Z,254026-RawArgos_pred_6h.csv
254026_2,-122.1621709,36.25992569,2024-05-21T12:00:00Z,254026-RawArgos_pred_6h.csv
254026_2,-122.1225523,36.26805496,2024-05-21T18:00:00Z,254026-RawArgos_pred_6h.csv
254026_2,-122.1454552,36.23984854,2024-05-22T00:00:00Z,254026-RawArgos_pred_6h.csv
254026_2,-122.1640038,36.22254319,2024-05-22T06:00:00Z,254026-RawArgos_pred_6h.csv
254026_2,-122.1819958,36.12301419,2024-05-22T12:00:00Z,254026-RawArgos_pred_6h.csv
254026_2,-122.0029799,36.10563809,2024-05-22T18:00:00Z,254026-RawArgos_pred_6h.csv
254026_2,-121.9176029,36.01122342,2024-05-23T00:00:00Z,254026-RawArgos_pred_6h.csv
254026_2,-122.029486,36.08966665,2024-05-23T06:00:00Z,254026-RawArgos_pred_6h.csv
254026_2,-122.0343189,36.16796397,2024-05-23T12:00:00Z,254026-RawArgos_pred_6h.csv
254026_2,-121.9243918,36.203269,2024-05-23T18:00:00Z,254026-RawArgos_pred_6h.csv
254026_2,-122.0905117,36.16689382,2024-05-24T00:00:00Z,254026-RawArgos_pred_6h.csv
254026_2,-121.9133276,36.06466097,2024-05-24T06:00:00Z,254026-RawArgos_pred_6h.csv
254026_2,-121.6147464,35.98481241,2024-05-24T12:00:00Z,254026-RawArgos_pred_6h.csv
254026_2,-121.5802175,35.94258784,2024-05-24T18:00:00Z,254026-RawArgos_pred_6h.csv
254026_2,-121.6476357,35.95848982,2024-05-25T00:00:00Z,254026-RawArgos_pred_6h.csv
254026_2,-121.6425836,35.99519883,2024-05-25T06:00:00Z,254026-RawArgos_pred_6h.csv
254026_2,-121.6510624,35.96963822,2024-05-25T12:00:00Z,254026-RawArgos_pred_6h.csv
254026_2,-121.4708057,35.77867777,2024-05-25T18:00:00Z,254026-RawArgos_pred_6h.csv
254026_2,-121.5531112,35.76558702,2024-05-26T00:00:00Z,254026-RawArgos_pred_6h.csv
254026_2,-121.6653468,35.74681354,2024-05-26T06:00:00Z,254026-RawArgos_pred_6h.csv
254026_2,-121.8214611,35.84932038,2024-05-26T12:00:00Z,254026-RawArgos_pred_6h.csv
254026_2,-121.8245869,35.8832496,2024-05-26T18:00:00Z,254026-RawArgos_pred_6h.csv
254026_2,-121.8901539,35.90612872,2024-05-27T00:00:00Z,254026-RawArgos_pred_6h.csv
254026_2,-122.0326111,35.93446672,2024-05-27T06:00:00Z,254026-RawArgos_pred_6h.csv
254026_2,-122.022395,35.95769086,2024-05-27T12:00:00Z,254026-RawArgos_pred_6h.csv
254026_2,-121.9028624,36.04239197,2024-05-27T18:00:00Z,254026-RawArgos_pred_6h.csv
254026_2,-121.9101173,36.05173627,2024-05-28T00:00:00Z,254026-RawArgos_pred_6h.csv
254026_2,-122.0073538,36.09344915,2024-05-28T06:00:00Z,254026-RawArgos_pred_6h.csv
254026_2,-122.203811,36.03414497,2024-05-28T12:00:00Z,254026-RawArgos_pred_6h.csv
254026_2,-122.1205533,36.19901275,2024-05-28T18:00:00Z,254026-RawArgos_pred_6h.csv
254026_2,-122.0726469,36.06151655,2024-05-29T00:00:00Z,254026-RawArgos_pred_6h.csv
254026_2,-122.0895901,35.95960099,2024-05-29T06:00:00Z,254026-RawArgos_pred_6h.csv
254026_2,-122.1010621,35.92160525,2024-05-29T12:00:00Z,254026-RawArgos_pred_6h.csv
254026_2,-121.8451183,35.97063489,2024-05-29T18:00:00Z,254026-RawArgos_pred_6h.csv
254026_2,-121.8541902,36.03347387,2024-05-30T00:00:00Z,254026-RawArgos_pred_6h.csv
254026_2,-121.9199077,36.06706281,2024-05-30T06:00:00Z,254026-RawArgos_pred_6h.csv
254026_2,-121.9782777,35.94660528,2024-05-30T12:00:00Z,254026-RawArgos_pred_6h.csv
254026_2,-121.9823031,35.9404751,2024-05-30T18:00:00Z,254026-RawArgos_pred_6h.csv
254026_2,-122.1334638,36.0371217,2024-05-31T00:00:00Z,254026-RawArgos_pred_6h.csv
254026_2,-122.2656886,36.02565144,2024-05-31T06:00:00Z,254026-RawArgos_pred_6h.csv
254026_2,-122.326673,35.98977768,2024-05-31T12:00:00Z,254026-RawArgos_pred_6h.csv
254026_2,-122.0970047,36.01758846,2024-05-31T18:00:00Z,254026-RawArgos_pred_6h.csv
254026_2,-121.9907491,36.13932735,2024-06-01T00:00:00Z,254026-RawArgos_pred_6h.csv
254026_2,-122.1085745,36.34118592,2024-06-01T06:00:00Z,254026-RawArgos_pred_6h.csv
254026_2,-122.1074458,36.2967786,2024-06-01T12:00:00Z,254026-RawArgos_pred_6h.csv
254026_2,-122.2550244,36.37514889,2024-06-01T18:00:00Z,254026-RawArgos_pred_6h.csv
254026_2,-122.3138251,36.63564629,2024-06-02T00:00:00Z,254026-RawArgos_pred_6h.csv
254026_2,-122.174039,36.69622819,2024-06-02T06:00:00Z,254026-RawArgos_pred_6h.csv
254026_2,-122.0324385,36.82174204,2024-06-02T12:00:00Z,254026-RawArgos_pred_6h.csv
254026_2,-121.9626445,36.85004558,2024-06-02T18:00:00Z,254026-RawArgos_pred_6h.csv
254026_2,-122.0219748,36.81943367,2024-06-03T00:00:00Z,254026-RawArgos_pred_6h.csv
254026_2,-122.0167135,36.76091483,2024-06-03T06:00:00Z,254026-RawArgos_pred_6h.csv
254026_2,-122.032539,36.73029039,2024-06-03T12:00:00Z,254026-RawArgos_pred_6h.csv
254026_2,-121.9626741,36.7819046,2024-06-03T18:00:00Z,254026-RawArgos_pred_6h.csv
254026_2,-121.9218476,36.80470865,2024-06-04T00:00:00Z,254026-RawArgos_pred_6h.csv
254026_2,-121.9545961,36.80403101,2024-06-04T06:00:00Z,254026-RawArgos_pred_6h.csv
254026_2,-121.983271,36.78868505,2024-06-04T12:00:00Z,254026-RawArgos_pred_6h.csv
254026_2,-121.9528788,36.86949508,2024-06-04T18:00:00Z,254026-RawArgos_pred_6h.csv
254026_2,-122.0193076,36.83435038,2024-06-05T00:00:00Z,254026-RawArgos_pred_6h.csv
254026_2,-122.0090154,36.82481748,2024-06-05T06:00:00Z,254026-RawArgos_pred_6h.csv
254026_2,-121.9752351,36.77017902,2024-06-05T12:00:00Z,254026-RawArgos_pred_6h.csv
254026_2,-122.0919386,36.77551125,2024-06-05T18:00:00Z,254026-RawArgos_pred_6h.csv
254026_2,-122.0668307,36.79215511,2024-06-06T00:00:00Z,254026-RawArgos_pred_6h.csv
254026_2,-121.9667352,36.73466936,2024-06-06T06:00:00Z,254026-RawArgos_pred_6h.csv
254026_2,-121.8790169,36.68317413,2024-06-06T12:00:00Z,254026-RawArgos_pred_6h.csv
254026_2,-122.0007708,36.74826267,2024-06-06T18:00:00Z,254026-RawArgos_pred_6h.csv
254026_2,-121.9346926,36.82444346,2024-06-07T00:00:00Z,254026-RawArgos_pred_6h.csv
254026_2,-121.9594175,36.88187048,2024-06-07T06:00:00Z,254026-RawArgos_pred_6h.csv
254026_2,-121.9871332,36.82164914,2024-06-07T12:00:00Z,254026-RawArgos_pred_6h.csv
254026_2,-122.0498749,36.80839973,2024-06-07T18:00:00Z,254026-RawArgos_pred_6h.csv
254026_2,-122.0549713,36.81496396,2024-06-08T00:00:00Z,254026-RawArgos_pred_6h.csv
254026_2,-122.0263384,36.85475327,2024-06-08T06:00:00Z,254026-RawArgos_pred_6h.csv
254026_2,-122.0942717,36.79637284,2024-06-08T12:00:00Z,254026-RawArgos_pred_6h.csv
254026_2,-122.0918012,36.80612812,2024-06-08T18:00:00Z,254026-RawArgos_pred_6h.csv
254026_2,-122.1122566,36.79910622,2024-06-09T00:00:00Z,254026-RawArgos_pred_6h.csv
254026_2,-122.0198578,36.78044562,2024-06-09T06:00:00Z,254026-RawArgos_pred_6h.csv
254026_2,-121.9839958,36.78459983,2024-06-09T12:00:00Z,254026-RawArgos_pred_6h.csv
254026_2,-122.0495026,36.81490453,2024-06-09T18:00:00Z,254026-RawArgos_pred_6h.csv
254026_2,-121.9585895,36.85351595,2024-06-10T00:00:00Z,254026-RawArgos_pred_6h.csv
254026_2,-121.8429432,36.8162967,2024-06-10T06:00:00Z,254026-RawArgos_pred_6h.csv
254026_2,-121.9253364,36.84761475,2024-06-10T12:00:00Z,254026-RawArgos_pred_6h.csv
254026_2,-121.9698816,36.84586572,2024-06-10T18:00:00Z,254026-RawArgos_pred_6h.csv
254026_2,-121.9822944,36.84449388,2024-06-11T00:00:00Z,254026-RawArgos_pred_6h.csv
254026_2,-121.8537165,36.85872005,2024-06-11T06:00:00Z,254026-RawArgos_pred_6h.csv
254026_2,-121.8976768,36.86338213,2024-06-11T12:00:00Z,254026-RawArgos_pred_6h.csv
254026_2,-121.9710941,36.86979714,2024-06-11T18:00:00Z,254026-RawArgos_pred_6h.csv
254026_2,-122.0220878,36.82761333,2024-06-12T00:00:00Z,254026-RawArgos_pred_6h.csv
254026_2,-121.9988848,36.80756637,2024-06-12T06:00:00Z,254026-RawArgos_pred_6h.csv
254026_2,-121.980249,36.83662411,2024-06-12T12:00:00Z,254026-RawArgos_pred_6h.csv
254026_2,-121.9830705,36.87183985,2024-06-12T18:00:00Z,254026-RawArgos_pred_6h.csv
254027_0,-122.0682,36.9493,2024-04-08T17:00:00Z,254027-RawArgos_pred_6h.csv
254027_0,-122.0482157,36.95098055,2024-04-08T23:00:00Z,254027-RawArgos_pred_6h.csv
254027_0,-122.0100433,36.95374725,2024-04-09T05:00:00Z,254027-RawArgos_pred_6h.csv
254027_0,-121.8431658,36.81026373,2024-04-11T17:00:00Z,254027-RawArgos_pred_6h.csv
254027_0,-121.9218801,36.81098026,2024-04-11T23:00:00Z,254027-RawArgos_pred_6h.csv
254027_0,-122.0393427,36.78356249,2024-04-12T05:00:00Z,254027-RawArgos_pred_6h.csv
254027_0,-122.1556768,36.90293066,2024-04-12T11:00:00Z,254027-RawArgos_pred_6h.csv
254027_0,-122.220201,36.96588335,2024-04-12T17:00:00Z,254027-RawArgos_pred_6h.csv
254027_0,-122.3030002,37.03708109,2024-04-12T23:00:00Z,254027-RawArgos_pred_6h.csv
254027_0,-122.4387957,37.23031004,2024-04-13T05:00:00Z,254027-RawArgos_pred_6h.csv
254027_0,-122.5013845,37.38141907,2024-04-13T11:00:00Z,254027-RawArgos_pred_6h.csv
254027_0,-122.5668075,37.39141313,2024-04-13T17:00:00Z,254027-RawArgos_pred_6h.csv
254027_0,-122.5824866,37.66316814,2024-04-13T23:00:00Z,254027-RawArgos_pred_6h.csv
254027_0,-122.7556907,37.6986876,2024-04-14T05:00:00Z,254027-RawArgos_pred_6h.csv
254027_0,-122.8070879,37.5402499,2024-04-14T11:00:00Z,254027-RawArgos_pred_6h.csv
254027_0,-122.9016598,37.3869216,2024-04-14T17:00:00Z,254027-RawArgos_pred_6h.csv
254027_0,-122.9825972,37.27346032,2024-04-14T23:00:00Z,254027-RawArgos_pred_6h.csv
254027_0,-123.0343692,37.33378522,2024-04-15T05:00:00Z,254027-RawArgos_pred_6h.csv
254027_0,-123.1007193,37.41550938,2024-04-15T11:00:00Z,254027-RawArgos_pred_6h.csv
254027_0,-122.9793688,37.47842417,2024-04-15T17:00:00Z,254027-RawArgos_pred_6h.csv
254027_0,-122.6932413,37.27534732,2024-04-15T23:00:00Z,254027-RawArgos_pred_6h.csv
254027_0,-122.4667616,37.09768181,2024-04-16T05:00:00Z,254027-RawArgos_pred_6h.csv
254027_0,-122.3382216,37.05681605,2024-04-16T11:00:00Z,254027-RawArgos_pred_6h.csv
254027_0,-122.0914094,36.87959925,2024-04-16T17:00:00Z,254027-RawArgos_pred_6h.csv
254027_0,-121.9350092,36.81657796,2024-04-16T23:00:00Z,254027-RawArgos_pred_6h.csv
254027_0,-121.8727817,36.79427142,2024-04-17T05:00:00Z,254027-RawArgos_pred_6h.csv
254027_0,-121.8762963,36.82784831,2024-04-17T11:00:00Z,254027-RawArgos_pred_6h.csv
254027_0,-121.8678038,36.81709799,2024-04-17T17:00:00Z,254027-RawArgos_pred_6h.csv
254027_0,-121.8424835,36.77408878,2024-04-17T23:00:00Z,254027-RawArgos_pred_6h.csv
254027_0,-121.8790879,36.80280843,2024-04-18T05:00:00Z,254027-RawArgos_pred_6h.csv
254027_0,-121.8516463,36.77701945,2024-04-18T11:00:00Z,254027-RawArgos_pred_6h.csv
254027_0,-121.8341851,36.78987964,2024-04-18T17:00:00Z,254027-RawArgos_pred_6h.csv
254027_0,-121.8639024,36.75962314,2024-04-18T23:00:00Z,254027-RawArgos_pred_6h.csv
254027_0,-121.8606535,36.76644826,2024-04-19T05:00:00Z,254027-RawArgos_pred_6h.csv
254027_0,-121.8418565,36.76164404,2024-04-19T11:00:00Z,254027-RawArgos_pred_6h.csv
254027_0,-121.8284649,36.7939728,2024-04-19T23:00:00Z,254027-RawArgos_pred_6h.csv
254027_0,-121.9315355,36.7618477,2024-04-20T05:00:00Z,254027-RawArgos_pred_6h.csv
254027_0,-121.8704945,36.78881044,2024-04-20T11:00:00Z,254027-RawArgos_pred_6h.csv
254027_0,-121.8721038,36.80008063,2024-04-20T17:00:00Z,254027-RawArgos_pred_6h.csv
254027_0,-121.978112,36.83794085,2024-04-20T23:00:00Z,254027-RawArgos_pred_6h.csv
254027_0,-121.9689876,36.88085643,2024-04-21T05:00:00Z,254027-RawArgos_pred_6h.csv
254027_0,-121.90878,36.81700032,2024-04-21T11:00:00Z,254027-RawArgos_pred_6h.csv
254027_0,-121.9131317,36.81559377,2024-04-21T17:00:00Z,254027-RawArgos_pred_6h.csv
254027_0,-121.859993,36.77866363,2024-04-21T23:00:00Z,254027-RawArgos_pred_6h.csv
254027_0,-121.8436245,36.68703187,2024-04-22T05:00:00Z,254027-RawArgos_pred_6h.csv
254027_0,-121.9374745,36.77204101,2024-04-22T11:00:00Z,254027-RawArgos_pred_6h.csv
254027_0,-121.9572395,36.84432501,2024-04-22T17:00:00Z,254027-RawArgos_pred_6h.csv
254027_0,-122.0587532,36.91547378,2024-04-22T23:00:00Z,254027-RawArgos_pred_6h.csv
254027_0,-121.9822381,36.77375099,2024-04-23T05:00:00Z,254027-RawArgos_pred_6h.csv
254027_0,-121.897631,36.76673327,2024-04-23T11:00:00Z,254027-RawArgos_pred_6h.csv
254027_0,-121.831504,36.79844173,2024-04-23T17:00:00Z,254027-RawArgos_pred_6h.csv
254027_0,-121.8793319,36.79088481,2024-04-23T23:00:00Z,254027-RawArgos_pred_6h.csv
254027_0,-121.8683114,36.85254846,2024-04-24T05:00:00Z,254027-RawArgos_pred_6h.csv
254027_0,-121.862289,36.7995077,2024-04-24T11:00:00Z,254027-RawArgos_pred_6h.csv
254027_0,-121.9557539,36.77885362,2024-04-24T17:00:00Z,254027-RawArgos_pred_6h.csv
254027_0,-121.9059139,36.76614258,2024-04-24T23:00:00Z,254027-RawArgos_pred_6h.csv
254027_0,-121.8770104,36.82562465,2024-04-25T05:00:00Z,254027-RawArgos_pred_6h.csv
254027_0,-121.8425969,36.76354519,2024-04-25T11:00:00Z,254027-RawArgos_pred_6h.csv
254027_0,-121.8747569,36.81103213,2024-04-25T17:00:00Z,254027-RawArgos_pred_6h.csv
254027_0,-121.9194744,36.81916895,2024-04-25T23:00:00Z,254027-RawArgos_pred_6h.csv
254027_0,-121.8312629,36.77512353,2024-04-26T05:00:00Z,254027-RawArgos_pred_6h.csv
254027_0,-121.8547206,36.76189848,2024-04-26T11:00:00Z,254027-RawArgos_pred_6h.csv
254027_0,-121.8253288,36.78800656,2024-04-26T17:00:00Z,254027-RawArgos_pred_6h.csv
254027_0,-121.8193478,36.80734663,2024-04-26T23:00:00Z,254027-RawArgos_pred_6h.csv
254027_0,-121.8877805,36.77917262,2024-04-27T05:00:00Z,254027-RawArgos_pred_6h.csv
254027_0,-121.8954158,36.77082087,2024-04-27T11:00:00Z,254027-RawArgos_pred_6h.csv
254027_0,-121.8338546,36.78965225,2024-04-27T17:00:00Z,254027-RawArgos_pred_6h.csv
254027_0,-121.8659314,36.81107708,2024-04-27T23:00:00Z,254027-RawArgos_pred_6h.csv
254027_0,-121.8952638,36.70729804,2024-04-28T05:00:00Z,254027-RawArgos_pred_6h.csv
254027_0,-121.8309375,36.71745722,2024-04-28T11:00:00Z,254027-RawArgos_pred_6h.csv
254027_0,-121.8556017,36.80197953,2024-04-28T17:00:00Z,254027-RawArgos_pred_6h.csv
254027_0,-122.0414104,36.95519253,2024-04-28T23:00:00Z,254027-RawArgos_pred_6h.csv
254027_0,-122.2799685,36.99890377,2024-04-29T05:00:00Z,254027-RawArgos_pred_6h.csv
254027_0,-122.4030657,37.07042121,2024-04-29T11:00:00Z,254027-RawArgos_pred_6h.csv
254027_0,-122.444686,37.10591107,2024-04-29T17:00:00Z,254027-RawArgos_pred_6h.csv
254027_0,-122.5167963,37.22186508,2024-04-29T23:00:00Z,254027-RawArgos_pred_6h.csv
254027_0,-122.6118018,37.25556441,2024-04-30T05:00:00Z,254027-RawArgos_pred_6h.csv
254027_0,-122.5434563,37.30328233,2024-04-30T11:00:00Z,254027-RawArgos_pred_6h.csv
254027_0,-122.4682839,37.07621328,2024-04-30T17:00:00Z,254027-RawArgos_pred_6h.csv
254027_0,-122.5258531,36.93902894,2024-04-30T23:00:00Z,254027-RawArgos_pred_6h.csv
254027_0,-122.5939531,36.93094796,2024-05-01T05:00:00Z,254027-RawArgos_pred_6h.csv
254027_0,-122.5842024,36.88859142,2024-05-01T11:00:00Z,254027-RawArgos_pred_6h.csv
254027_0,-122.6208216,36.90573853,2024-05-01T17:00:00Z,254027-RawArgos_pred_6h.csv
254027_0,-122.5860716,36.91500121,2024-05-01T23:00:00Z,254027-RawArgos_pred_6h.csv
254027_0,-122.612803,36.94225151,2024-05-02T05:00:00Z,254027-RawArgos_pred_6h.csv
254027_0,-122.6896611,36.8878954,2024-05-02T11:00:00Z,254027-RawArgos_pred_6h.csv
254027_0,-122.6896451,36.89155842,2024-05-02T17:00:00Z,254027-RawArgos_pred_6h.csv
254027_0,-122.6426359,36.92183848,2024-05-02T23:00:00Z,254027-RawArgos_pred_6h.csv
254027_0,-122.6451376,36.92706735,2024-05-03T05:00:00Z,254027-RawArgos_pred_6h.csv
254027_0,-122.6278686,36.81082446,2024-05-03T11:00:00Z,254027-RawArgos_pred_6h.csv
254027_0,-122.6401477,36.81005032,2024-05-03T17:00:00Z,254027-RawArgos_pred_6h.csv
254027_0,-122.7475641,36.79750673,2024-05-03T23:00:00Z,254027-RawArgos_pred_6h.csv
254027_0,-122.8752403,36.7862399,2024-05-04T05:00:00Z,254027-RawArgos_pred_6h.csv
254027_0,-123.0348263,36.81048,2024-05-04T11:00:00Z,254027-RawArgos_pred_6h.csv
254027_0,-123.1038425,36.76306905,2024-05-04T17:00:00Z,254027-RawArgos_pred_6h.csv
254027_0,-122.9039915,36.69599474,2024-05-04T23:00:00Z,254027-RawArgos_pred_6h.csv
254027_0,-122.8717565,36.81082532,2024-05-05T05:00:00Z,254027-RawArgos_pred_6h.csv
254027_0,-122.8312012,36.89973077,2024-05-05T11:00:00Z,254027-RawArgos_pred_6h.csv
254027_0,-122.7226903,37.04797769,2024-05-05T17:00:00Z,254027-RawArgos_pred_6h.csv
254027_0,-122.6363379,37.04834703,2024-05-05T23:00:00Z,254027-RawArgos_pred_6h.csv
254027_0,-122.5399586,37.10846867,2024-05-06T05:00:00Z,254027-RawArgos_pred_6h.csv
254027_0,-122.5475531,37.16475533,2024-05-06T11:00:00Z,254027-RawArgos_pred_6h.csv
254027_0,-122.5643957,37.28808064,2024-05-06T17:00:00Z,254027-RawArgos_pred_6h.csv
254027_0,-122.4788662,37.30144781,2024-05-06T23:00:00Z,254027-RawArgos_pred_6h.csv
254027_0,-122.5096331,37.30839514,2024-05-07T05:00:00Z,254027-RawArgos_pred_6h.csv
254027_0,-122.5243374,37.27310286,2024-05-07T11:00:00Z,254027-RawArgos_pred_6h.csv
254027_0,-122.5117503,37.28087473,2024-05-07T17:00:00Z,254027-RawArgos_pred_6h.csv
254027_0,-122.4643837,37.228846,2024-05-07T23:00:00Z,254027-RawArgos_pred_6h.csv
254027_0,-122.4877893,37.21320856,2024-05-08T05:00:00Z,254027-RawArgos_pred_6h.csv
254027_0,-122.4842482,37.21101775,2024-05-08T11:00:00Z,254027-RawArgos_pred_6h.csv
254027_0,-122.4873389,37.19489039,2024-05-08T17:00:00Z,254027-RawArgos_pred_6h.csv
254027_0,-122.4269188,37.15658997,2024-05-08T23:00:00Z,254027-RawArgos_pred_6h.csv
254027_0,-122.5394447,37.24405979,2024-05-09T05:00:00Z,254027-RawArgos_pred_6h.csv
254027_0,-122.6236786,37.24309688,2024-05-09T11:00:00Z,254027-RawArgos_pred_6h.csv
254027_0,-122.4908022,37.24882685,2024-05-09T17:00:00Z,254027-RawArgos_pred_6h.csv
254027_0,-122.5701557,37.30196529,2024-05-09T23:00:00Z,254027-RawArgos_pred_6h.csv
254027_0,-122.6845813,37.40615469,2024-05-10T05:00:00Z,254027-RawArgos_pred_6h.csv
254027_0,-122.702331,37.51350396,2024-05-10T11:00:00Z,254027-RawArgos_pred_6h.csv
254027_0,-122.6081586,37.30659541,2024-05-10T17:00:00Z,254027-RawArgos_pred_6h.csv
254027_0,-122.4852467,37.11163147,2024-05-10T23:00:00Z,254027-RawArgos_pred_6h.csv
254027_0,-122.3473396,36.99115484,2024-05-11T05:00:00Z,254027-RawArgos_pred_6h.csv
254027_0,-122.2444823,36.99328843,2024-05-11T11:00:00Z,254027-RawArgos_pred_6h.csv
254027_0,-122.2011622,36.9704697,2024-05-11T17:00:00Z,254027-RawArgos_pred_6h.csv
254027_0,-122.2533804,37.03644534,2024-05-11T23:00:00Z,254027-RawArgos_pred_6h.csv
254027_0,-122.1702697,36.96243847,2024-05-12T05:00:00Z,254027-RawArgos_pred_6h.csv
254027_0,-122.1034952,36.90949212,2024-05-12T11:00:00Z,254027-RawArgos_pred_6h.csv
254027_0,-122.0494394,36.90512224,2024-05-12T17:00:00Z,254027-RawArgos_pred_6h.csv
254027_0,-121.9922471,36.91512022,2024-05-12T23:00:00Z,254027-RawArgos_pred_6h.csv
254027_0,-121.9830619,36.89088954,2024-05-13T05:00:00Z,254027-RawArgos_pred_6h.csv
254027_0,-122.0160445,36.87009911,2024-05-13T11:00:00Z,254027-RawArgos_pred_6h.csv
254027_0,-122.0179615,36.89112369,2024-05-13T17:00:00Z,254027-RawArgos_pred_6h.csv
254027_0,-121.9375121,36.84552317,2024-05-13T23:00:00Z,254027-RawArgos_pred_6h.csv
254027_0,-121.9408611,36.86362901,2024-05-14T05:00:00Z,254027-RawArgos_pred_6h.csv
254027_0,-121.9475505,36.86816433,2024-05-14T11:00:00Z,254027-RawArgos_pred_6h.csv
254027_0,-121.9041769,36.84121884,2024-05-14T17:00:00Z,254027-RawArgos_pred_6h.csv
254027_0,-121.8011956,36.75940662,2024-05-14T23:00:00Z,254027-RawArgos_pred_6h.csv
254027_0,-121.8440072,36.82842025,2024-05-15T05:00:00Z,254027-RawArgos_pred_6h.csv
254027_0,-121.8479423,36.84260837,2024-05-15T11:00:00Z,254027-RawArgos_pred_6h.csv
254027_0,-121.8262523,36.76335378,2024-05-15T17:00:00Z,254027-RawArgos_pred_6h.csv
254027_0,-121.8413511,36.78898835,2024-05-15T23:00:00Z,254027-RawArgos_pred_6h.csv
254027_0,-121.8537683,36.75926269,2024-05-16T05:00:00Z,254027-RawArgos_pred_6h.csv
254027_0,-121.8058467,36.78209757,2024-05-16T11:00:00Z,254027-RawArgos_pred_6h.csv
254027_0,-121.8572966,36.78343467,2024-05-16T17:00:00Z,254027-RawArgos_pred_6h.csv
254027_0,-121.8722207,36.85054925,2024-05-16T23:00:00Z,254027-RawArgos_pred_6h.csv
254027_0,-121.8407047,36.77226681,2024-05-17T05:00:00Z,254027-RawArgos_pred_6h.csv
254027_0,-121.8376174,36.68756433,2024-05-17T11:00:00Z,254027-RawArgos_pred_6h.csv
254027_0,-121.9503168,36.66161515,2024-05-17T17:00:00Z,254027-RawArgos_pred_6h.csv
254027_0,-121.9269687,36.66384494,2024-05-17T23:00:00Z,254027-RawArgos_pred_6h.csv
254027_0,-121.8763414,36.64026924,2024-05-18T05:00:00Z,254027-RawArgos_pred_6h.csv
254027_0,-121.9008639,36.65568469,2024-05-18T11:00:00Z,254027-RawArgos_pred_6h.csv
254027_0,-121.9007132,36.73342116,2024-05-18T17:00:00Z,254027-RawArgos_pred_6h.csv
254027_0,-121.8441351,36.80933134,2024-05-18T23:00:00Z,254027-RawArgos_pred_6h.csv
254027_0,-121.8571349,36.69719275,2024-05-19T05:00:00Z,254027-RawArgos_pred_6h.csv
254027_0,-121.8593947,36.71042872,2024-05-19T11:00:00Z,254027-RawArgos_pred_6h.csv
254027_0,-121.896669,36.6613283,2024-05-19T17:00:00Z,254027-RawArgos_pred_6h.csv
254027_0,-121.9428807,36.7340734,2024-05-19T23:00:00Z,254027-RawArgos_pred_6h.csv
254027_0,-121.8526596,36.72599535,2024-05-20T05:00:00Z,254027-RawArgos_pred_6h.csv
254027_0,-121.8411058,36.68566622,2024-05-20T11:00:00Z,254027-RawArgos_pred_6h.csv
254027_0,-121.8920346,36.77524289,2024-05-20T17:00:00Z,254027-RawArgos_pred_6h.csv
254027_0,-121.9203446,36.8117701,2024-05-20T23:00:00Z,254027-RawArgos_pred_6h.csv
254027_0,-121.8954516,36.8849361,2024-05-21T05:00:00Z,254027-RawArgos_pred_6h.csv
254027_0,-122.1959427,36.92336304,2024-05-21T11:00:00Z,254027-RawArgos_pred_6h.csv
254030_0,-122.0504,36.9485,2024-04-08T17:00:00Z,254030-RawArgos_pred_6h.csv
254030_0,-122.0429471,36.94177992,2024-04-08T23:00:00Z,254030-RawArgos_pred_6h.csv
254030_0,-122.0270588,36.92140288,2024-04-09T05:00:00Z,254030-RawArgos_pred_6h.csv
254030_0,-122.0038089,36.88197855,2024-04-09T11:00:00Z,254030-RawArgos_pred_6h.csv
254030_0,-121.9735596,36.81743018,2024-04-09T17:00:00Z,254030-RawArgos_pred_6h.csv
254030_0,-121.9262193,36.77124482,2024-04-09T23:00:00Z,254030-RawArgos_pred_6h.csv
254030_0,-121.8724711,36.78574949,2024-04-10T05:00:00Z,254030-RawArgos_pred_6h.csv
254030_0,-121.9024208,36.79143718,2024-04-10T11:00:00Z,254030-RawArgos_pred_6h.csv
254030_0,-121.9735387,36.80035188,2024-04-10T17:00:00Z,254030-RawArgos_pred_6h.csv
254030_0,-122.0676806,36.85054856,2024-04-10T23:00:00Z,254030-RawArgos_pred_6h.csv
254030_0,-122.2568793,36.8862952,2024-04-11T05:00:00Z,254030-RawArgos_pred_6h.csv
254030_0,-122.4237105,36.93080518,2024-04-11T11:00:00Z,254030-RawArgos_pred_6h.csv
254030_0,-122.4067483,37.07957015,2024-04-11T17:00:00Z,254030-RawArgos_pred_6h.csv
254030_0,-122.5029863,37.14214126,2024-04-11T23:00:00Z,254030-RawArgos_pred_6h.csv
254030_0,-122.5301849,37.2518039,2024-04-12T05:00:00Z,254030-RawArgos_pred_6h.csv
254030_0,-122.5640903,37.28023356,2024-04-12T11:00:00Z,254030-RawArgos_pred_6h.csv
254030_0,-122.5677539,37.32303654,2024-04-12T17:00:00Z,254030-RawArgos_pred_6h.csv
254030_0,-122.5309211,37.40465021,2024-04-12T23:00:00Z,254030-RawArgos_pred_6h.csv
254030_0,-122.533927,37.41396119,2024-04-13T05:00:00Z,254030-RawArgos_pred_6h.csv
254030_0,-122.5574556,37.42336672,2024-04-13T11:00:00Z,254030-RawArgos_pred_6h.csv
254030_0,-122.6054221,37.39973011,2024-04-13T17:00:00Z,254030-RawArgos_pred_6h.csv
254030_0,-122.6812432,37.32263514,2024-04-13T23:00:00Z,254030-RawArgos_pred_6h.csv
254030_0,-122.6406208,37.32687816,2024-04-14T05:00:00Z,254030-RawArgos_pred_6h.csv
254030_0,-122.6317659,37.30488793,2024-04-14T11:00:00Z,254030-RawArgos_pred_6h.csv
254030_0,-122.6402834,37.29938065,2024-04-14T17:00:00Z,254030-RawArgos_pred_6h.csv
254030_0,-122.6735501,37.30578453,2024-04-14T23:00:00Z,254030-RawArgos_pred_6h.csv
254030_0,-122.610378,37.29668779,2024-04-15T05:00:00Z,254030-RawArgos_pred_6h.csv
254030_0,-122.5086062,37.31662401,2024-04-15T11:00:00Z,254030-RawArgos_pred_6h.csv
254030_0,-122.5376083,37.27552511,2024-04-15T17:00:00Z,254030-RawArgos_pred_6h.csv
254030_0,-122.5582775,37.29852404,2024-04-15T23:00:00Z,254030-RawArgos_pred_6h.csv
254030_0,-122.5920581,37.3484246,2024-04-16T05:00:00Z,254030-RawArgos_pred_6h.csv
254030_0,-122.6007778,37.3617329,2024-04-16T11:00:00Z,254030-RawArgos_pred_6h.csv
254030_0,-122.5745847,37.33764016,2024-04-16T17:00:00Z,254030-RawArgos_pred_6h.csv
254030_0,-122.5458076,37.29417412,2024-04-16T23:00:00Z,254030-RawArgos_pred_6h.csv
254030_0,-122.530905,37.27080678,2024-04-17T05:00:00Z,254030-RawArgos_pred_6h.csv
254030_0,-122.5271094,37.30456065,2024-04-17T11:00:00Z,254030-RawArgos_pred_6h.csv
254030_0,-122.5566209,37.30253821,2024-04-17T17:00:00Z,254030-RawArgos_pred_6h.csv
254030_0,-122.5593637,37.29006526,2024-04-17T23:00:00Z,254030-RawArgos_pred_6h.csv
254030_0,-122.5442306,37.32661531,2024-04-18T05:00:00Z,254030-RawArgos_pred_6h.csv
254030_0,-122.602358,37.37598144,2024-04-18T11:00:00Z,254030-RawArgos_pred_6h.csv
254030_0,-122.7137043,37.40959578,2024-04-18T17:00:00Z,254030-RawArgos_pred_6h.csv
254030_0,-122.7926986,37.44581294,2024-04-18T23:00:00Z,254030-RawArgos_pred_6h.csv
254030_0,-122.8091948,37.49145019,2024-04-19T05:00:00Z,254030-RawArgos_pred_6h.csv
254030_0,-122.8283776,37.46525921,2024-04-19T11:00:00Z,254030-RawArgos_pred_6h.csv
254030_0,-122.7970721,37.40694964,2024-04-19T17:00:00Z,254030-RawArgos_pred_6h.csv
254030_0,-122.760504,37.31581703,2024-04-19T23:00:00Z,254030-RawArgos_pred_6h.csv
254030_0,-122.6648153,37.29448948,2024-04-20T05:00:00Z,254030-RawArgos_pred_6h.csv
254030_0,-122.585785,37.27128542,2024-04-20T11:00:00Z,254030-RawArgos_pred_6h.csv
254030_0,-122.5005948,37.26856152,2024-04-20T17:00:00Z,254030-RawArgos_pred_6h.csv
254030_0,-122.4797916,37.19542237,2024-04-20T23:00:00Z,254030-RawArgos_pred_6h.csv
254030_0,-122.3829026,37.17449697,2024-04-21T05:00:00Z,254030-RawArgos_pred_6h.csv
254030_0,-122.4445292,37.12386246,2024-04-21T11:00:00Z,254030-RawArgos_pred_6h.csv
254030_0,-122.4640815,37.18004429,2024-04-21T17:00:00Z,254030-RawArgos_pred_6h.csv
254030_0,-122.4672849,37.28052177,2024-04-21T23:00:00Z,254030-RawArgos_pred_6h.csv
254030_0,-122.5485863,37.32277445,2024-04-22T05:00:00Z,254030-RawArgos_pred_6h.csv
254030_0,-122.6072241,37.39389193,2024-04-22T11:00:00Z,254030-RawArgos_pred_6h.csv
254030_0,-122.698284,37.4345821,2024-04-22T17:00:00Z,254030-RawArgos_pred_6h.csv
254030_0,-122.8044885,37.43710482,2024-04-22T23:00:00Z,254030-RawArgos_pred_6h.csv
254030_0,-122.8561516,37.45088492,2024-04-23T05:00:00Z,254030-RawArgos_pred_6h.csv
254030_0,-122.8503549,37.46494378,2024-04-23T11:00:00Z,254030-RawArgos_pred_6h.csv
254030_0,-122.8838913,37.42828497,2024-04-23T17:00:00Z,254030-RawArgos_pred_6h.csv
254030_0,-122.8935336,37.39367755,2024-04-23T23:00:00Z,254030-RawArgos_pred_6h.csv
254030_0,-122.7756244,37.48364771,2024-04-24T05:00:00Z,254030-RawArgos_pred_6h.csv
254030_0,-122.7574056,37.4984374,2024-04-24T11:00:00Z,254030-RawArgos_pred_6h.csv
254030_0,-122.7808668,37.4451415,2024-04-24T17:00:00Z,254030-RawArgos_pred_6h.csv
254030_0,-122.7983581,37.43503132,2024-04-24T23:00:00Z,254030-RawArgos_pred_6h.csv
254030_0,-122.8273038,37.46028463,2024-04-25T05:00:00Z,254030-RawArgos_pred_6h.csv
254030_0,-122.8158961,37.45510588,2024-04-25T11:00:00Z,254030-RawArgos_pred_6h.csv
254030_0,-122.7561428,37.41864871,2024-04-25T17:00:00Z,254030-RawArgos_pred_6h.csv
254030_0,-122.7664459,37.43007846,2024-04-25T23:00:00Z,254030-RawArgos_pred_6h.csv
254030_0,-122.7275556,37.53609448,2024-04-26T05:00:00Z,254030-RawArgos_pred_6h.csv
254030_0,-122.7686328,37.48732518,2024-04-26T11:00:00Z,254030-RawArgos_pred_6h.csv
254030_0,-122.6435911,37.3709502,2024-04-26T17:00:00Z,254030-RawArgos_pred_6h.csv
254030_0,-122.4861205,37.29398606,2024-04-26T23:00:00Z,254030-RawArgos_pred_6h.csv
254030_0,-122.5155893,37.30026469,2024-04-27T05:00:00Z,254030-RawArgos_pred_6h.csv
254030_0,-122.5048261,37.2723293,2024-04-27T11:00:00Z,254030-RawArgos_pred_6h.csv
254030_0,-122.5091079,37.20768194,2024-04-27T17:00:00Z,254030-RawArgos_pred_6h.csv
254030_0,-122.5170337,37.22099615,2024-04-27T23:00:00Z,254030-RawArgos_pred_6h.csv
254030_0,-122.5180753,37.2516817,2024-04-28T05:00:00Z,254030-RawArgos_pred_6h.csv
254030_0,-122.496735,37.2627054,2024-04-28T11:00:00Z,254030-RawArgos_pred_6h.csv
254030_0,-122.5208796,37.22673811,2024-04-28T17:00:00Z,254030-RawArgos_pred_6h.csv
254030_0,-122.5593687,37.23585369,2024-04-28T23:00:00Z,254030-RawArgos_pred_6h.csv
254030_0,-122.5975901,37.25299665,2024-04-29T05:00:00Z,254030-RawArgos_pred_6h.csv
254030_0,-122.529737,37.30932216,2024-04-29T11:00:00Z,254030-RawArgos_pred_6h.csv
254030_0,-122.5486382,37.189296,2024-04-29T17:00:00Z,254030-RawArgos_pred_6h.csv
254030_0,-122.4413847,37.05546489,2024-04-29T23:00:00Z,254030-RawArgos_pred_6h.csv
254030_0,-122.4452651,36.88265048,2024-04-30T05:00:00Z,254030-RawArgos_pred_6h.csv
254030_0,-122.4178366,36.77394761,2024-04-30T11:00:00Z,254030-RawArgos_pred_6h.csv
254030_0,-122.4791918,36.75256859,2024-04-30T17:00:00Z,254030-RawArgos_pred_6h.csv
254030_0,-122.555907,36.8331097,2024-04-30T23:00:00Z,254030-RawArgos_pred_6h.csv
254030_0,-122.5523821,36.92252025,2024-05-01T05:00:00Z,254030-RawArgos_pred_6h.csv
254030_0,-122.5644427,36.92969064,2024-05-01T11:00:00Z,254030-RawArgos_pred_6h.csv
254030_0,-122.5592462,36.89635947,2024-05-01T17:00:00Z,254030-RawArgos_pred_6h.csv
254030_0,-122.5098909,36.88977952,2024-05-01T23:00:00Z,254030-RawArgos_pred_6h.csv
254030_0,-122.712315,36.81121925,2024-05-02T05:00:00Z,254030-RawArgos_pred_6h.csv
254030_0,-122.7564668,36.77777384,2024-05-02T11:00:00Z,254030-RawArgos_pred_6h.csv
254030_0,-122.70369,36.80426791,2024-05-02T17:00:00Z,254030-RawArgos_pred_6h.csv
254030_0,-122.7297638,36.84879477,2024-05-02T23:00:00Z,254030-RawArgos_pred_6h.csv
254030_0,-122.8268706,36.85458785,2024-05-03T05:00:00Z,254030-RawArgos_pred_6h.csv
254030_0,-122.8894796,36.84369628,2024-05-03T11:00:00Z,254030-RawArgos_pred_6h.csv
254030_0,-122.8975148,36.88900099,2024-05-03T17:00:00Z,254030-RawArgos_pred_6h.csv
254030_0,-122.9013831,36.95694785,2024-05-03T23:00:00Z,254030-RawArgos_pred_6h.csv
254030_0,-122.9280493,37.00426393,2024-05-04T05:00:00Z,254030-RawArgos_pred_6h.csv
254030_0,-122.935198,37.02026267,2024-05-04T11:00:00Z,254030-RawArgos_pred_6h.csv
254030_0,-122.8646932,37.00345303,2024-05-04T17:00:00Z,254030-RawArgos_pred_6h.csv
254030_0,-122.7497104,36.98122177,2024-05-04T23:00:00Z,254030-RawArgos_pred_6h.csv
254030_0,-122.8348817,36.92200728,2024-05-05T05:00:00Z,254030-RawArgos_pred_6h.csv
254030_0,-122.8661882,36.91297636,2024-05-05T11:00:00Z,254030-RawArgos_pred_6h.csv
254030_0,-122.7480131,36.96554518,2024-05-05T17:00:00Z,254030-RawArgos_pred_6h.csv
254030_0,-122.7590371,36.97682945,2024-05-05T23:00:00Z,254030-RawArgos_pred_6h.csv
254030_0,-122.8405669,36.94419644,2024-05-06T05:00:00Z,254030-RawArgos_pred_6h.csv
254030_0,-122.8027247,36.90193276,2024-05-06T11:00:00Z,254030-RawArgos_pred_6h.csv
254030_0,-122.7935891,36.81260484,2024-05-06T17:00:00Z,254030-RawArgos_pred_6h.csv
254030_0,-122.8322166,36.74524879,2024-05-06T23:00:00Z,254030-RawArgos_pred_6h.csv
254030_0,-122.7268407,36.73059527,2024-05-07T05:00:00Z,254030-RawArgos_pred_6h.csv
254030_0,-122.6217502,36.73520888,2024-05-07T11:00:00Z,254030-RawArgos_pred_6h.csv
254030_0,-122.5935194,36.72961633,2024-05-07T17:00:00Z,254030-RawArgos_pred_6h.csv
254030_0,-122.5527632,36.74516073,2024-05-07T23:00:00Z,254030-RawArgos_pred_6h.csv
254030_0,-122.529171,36.75823087,2024-05-08T05:00:00Z,254030-RawArgos_pred_6h.csv
254030_0,-122.5225509,36.79018115,2024-05-08T11:00:00Z,254030-RawArgos_pred_6h.csv
254030_0,-122.6309113,36.74608155,2024-05-08T17:00:00Z,254030-RawArgos_pred_6h.csv
254030_0,-122.6408629,36.75090626,2024-05-08T23:00:00Z,254030-RawArgos_pred_6h.csv
254030_0,-122.6285223,36.74460026,2024-05-09T05:00:00Z,254030-RawArgos_pred_6h.csv
254030_0,-122.6219902,36.78204143,2024-05-09T11:00:00Z,254030-RawArgos_pred_6h.csv
254030_0,-122.5795736,36.83190125,2024-05-09T17:00:00Z,254030-RawArgos_pred_6h.csv
254030_0,-122.5501627,36.87450313,2024-05-09T23:00:00Z,254030-RawArgos_pred_6h.csv
254030_0,-122.6024141,36.92339431,2024-05-10T05:00:00Z,254030-RawArgos_pred_6h.csv
254030_0,-122.5444702,36.91745388,2024-05-10T11:00:00Z,254030-RawArgos_pred_6h.csv
254030_0,-122.480709,36.85268129,2024-05-10T17:00:00Z,254030-RawArgos_pred_6h.csv
254030_0,-122.5269427,36.86952431,2024-05-10T23:00:00Z,254030-RawArgos_pred_6h.csv
254030_0,-122.5439913,36.92954589,2024-05-11T05:00:00Z,254030-RawArgos_pred_6h.csv
254030_0,-122.4683072,36.88742541,2024-05-11T11:00:00Z,254030-RawArgos_pred_6h.csv
254030_0,-122.3976889,36.95036552,2024-05-11T17:00:00Z,254030-RawArgos_pred_6h.csv
254030_0,-122.4788855,36.96618174,2024-05-11T23:00:00Z,254030-RawArgos_pred_6h.csv
254030_0,-122.5030112,36.92513969,2024-05-12T05:00:00Z,254030-RawArgos_pred_6h.csv
254030_0,-122.3871483,36.91576545,2024-05-12T11:00:00Z,254030-RawArgos_pred_6h.csv
254030_0,-122.348863,36.92076762,2024-05-12T17:00:00Z,254030-RawArgos_pred_6h.csv
254030_0,-122.2821416,36.93400196,2024-05-12T23:00:00Z,254030-RawArgos_pred_6h.csv
254030_0,-122.2873792,36.9605399,2024-05-13T05:00:00Z,254030-RawArgos_pred_6h.csv
254030_0,-122.3334317,36.88584209,2024-05-13T11:00:00Z,254030-RawArgos_pred_6h.csv
254030_0,-122.3146151,36.86359888,2024-05-13T17:00:00Z,254030-RawArgos_pred_6h.csv
254030_0,-122.3121219,36.75447396,2024-05-13T23:00:00Z,254030-RawArgos_pred_6h.csv
254030_0,-122.3890903,36.67445485,2024-05-14T05:00:00Z,254030-RawArgos_pred_6h.csv
254030_0,-122.385214,36.75320134,2024-05-14T11:00:00Z,254030-RawArgos_pred_6h.csv
254030_0,-122.4413488,36.71321952,2024-05-14T17:00:00Z,254030-RawArgos_pred_6h.csv
254030_0,-122.5620246,36.72986608,2024-05-14T23:00:00Z,254030-RawArgos_pred_6h.csv
254030_0,-122.6051819,36.7125505,2024-05-15T05:00:00Z,254030-RawArgos_pred_6h.csv
254030_0,-122.5074862,36.68590603,2024-05-15T11:00:00Z,254030-RawArgos_pred_6h.csv
254030_0,-122.4149018,36.66129894,2024-05-15T17:00:00Z,254030-RawArgos_pred_6h.csv
254030_0,-122.4110538,36.67788627,2024-05-15T23:00:00Z,254030-RawArgos_pred_6h.csv
254030_0,-122.5515558,36.67449882,2024-05-16T05:00:00Z,254030-RawArgos_pred_6h.csv
254030_0,-122.5916117,36.77138159,2024-05-16T11:00:00Z,254030-RawArgos_pred_6h.csv
