DeployID,Ptt,Instr,Date,Type,Quality,Latitude,Longitude,Error radius,Error Semi-major axis,Error Semi-minor axis,Error Ellipse orientation,Offset,Offset orientation,GPE MSD,GPE U,Count,Comment,lon,lat
254030,254030,UT,17:19:13 08-Apr-2024,Argos,1,36.9485,-122.0504,634,1322,303,99,NA,NA,NA,NA,NA,NA,-122.0504,36.9485
254030,254030,UT,17:34:12 08-Apr-2024,Argos,B,36.9488,-122.0498,4311,5422,3428,91,NA,NA,NA,NA,NA,NA,-122.0498,36.9488
254030,254030,UT,17:10:27 09-Apr-2024,Argos,B,36.9122,-122.0938,36020,74877,17327,123,NA,NA,NA,NA,NA,NA,-122.0938,36.9122
254030,254030,UT,18:03:44 09-Apr-2024,Argos,A,36.8166,-122.0251,10756,401410,288,103,NA,NA,NA,NA,NA,NA,-122.0251,36.8166
254030,254030,UT,18:11:00 09-Apr-2024,User,NA,36.8087,-121.9039,NA,NA,NA,NA,NA,NA,NA,NA,NA,NA,-121.9039,36.8087
254030,254030,UT,18:28:42 09-Apr-2024,Argos,A,36.7884,-121.9155,425,1391,130,67,NA,NA,NA,NA,NA,NA,-121.9155,36.7884
254030,254030,UT,18:48:35 09-Apr-2024,Argos,B,36.7861,-121.9419,496,776,316,154,NA,NA,NA,NA,NA,NA,-121.9419,36.7861
254030,254030,UT,19:42:37 09-Apr-2024,Argos,B,36.753,-121.9164,1260,1672,948,127,NA,NA,NA,NA,NA,NA,-121.9164,36.753
254030,254030,UT,20:08:03 09-Apr-2024,Argos,B,36.7596,-121.9221,1551,2116,1136,131,NA,NA,NA,NA,NA,NA,-121.9221,36.7596
254030,254030,UT,20:45:14 09-Apr-2024,Argos,B,36.7628,-121.9167,1462,2258,946,95,NA,NA,NA,NA,NA,NA,-121.9167,36.7628
254030,254030,UT,23:48:38 09-Apr-2024,Argos,A,36.7666,-121.9224,575,3059,108,27,NA,NA,NA,NA,NA,NA,-121.9224,36.7666
254030,254030,UT,01:27:08 10-Apr-2024,Argos,A,36.7643,-121.8962,609,11767,31,66,NA,NA,NA,NA,NA,NA,-121.8962,36.7643
254030,254030,UT,01:27:54 10-Apr-2024,Argos,A,36.7751,-121.8735,303,415,220,6,NA,NA,NA,NA,NA,NA,-121.8735,36.7751
254030,254030,UT,01:44:56 10-Apr-2024,Argos,B,36.7753,-121.8735,2563,3199,2053,93,NA,NA,NA,NA,NA,NA,-121.8735,36.7753
254030,254030,UT,03:02:22 10-Apr-2024,Argos,B,36.7659,-121.8564,4022,5057,3198,110,NA,NA,NA,NA,NA,NA,-121.8564,36.7659
254030,254030,UT,03:20:45 10-Apr-2024,Argos,B,36.77,-121.8632,4080,6093,2732,114,NA,NA,NA,NA,NA,NA,-121.8632,36.77
254030,254030,UT,03:20:45 10-Apr-2024,Argos,B,36.7818,-121.8653,1241,3245,474,96,NA,NA,NA,NA,NA,NA,-121.8653,36.7818
254030,254030,UT,04:35:44 10-Apr-2024,Argos,B,36.7801,-121.8493,1370,37818,49,98,NA,NA,NA,NA,NA,NA,-121.8493,36.7801
254030,254030,UT,05:00:34 10-Apr-2024,Argos,B,36.78,-121.8531,1694,7044,407,99,NA,NA,NA,NA,NA,NA,-121.8531,36.78
254030,254030,UT,05:19:44 10-Apr-2024,Argos,B,36.7848,-121.8455,1660,36641,75,101,NA,NA,NA,NA,NA,NA,-121.8455,36.7848
254030,254030,UT,05:54:24 10-Apr-2024,Argos,B,36.7872,-121.849,1777,7117,443,98,NA,NA,NA,NA,NA,NA,-121.849,36.7872
254030,254030,UT,06:13:10 10-Apr-2024,Argos,B,36.7994,-121.9398,706,1823,273,6,NA,NA,NA,NA,NA,NA,-121.9398,36.7994
254030,254030,UT,07:34:58 10-Apr-2024,Argos,B,36.7999,-121.9255,1375,1526,1239,65,NA,NA,NA,NA,NA,NA,-121.9255,36.7999
254030,254030,UT,07:54:45 10-Apr-2024,Argos,B,36.8004,-121.9334,1137,28801,44,86,NA,NA,NA,NA,NA,NA,-121.9334,36.8004
254030,254030,UT,12:54:27 10-Apr-2024,Argos,B,36.7904,-121.8805,2028,11228,366,92,NA,NA,NA,NA,NA,NA,-121.8805,36.7904
254030,254030,UT,13:34:36 10-Apr-2024,Argos,B,36.7914,-121.8983,2971,14896,592,92,NA,NA,NA,NA,NA,NA,-121.8983,36.7914
254030,254030,UT,13:35:08 10-Apr-2024,Argos,B,36.7862,-121.9291,2399,34204,168,100,NA,NA,NA,NA,NA,NA,-121.9291,36.7862
254030,254030,UT,14:37:28 10-Apr-2024,Argos,B,36.788,-121.924,2248,8449,597,95,NA,NA,NA,NA,NA,NA,-121.924,36.788
254030,254030,UT,15:18:27 10-Apr-2024,Argos,B,36.7902,-121.9327,2227,7363,673,90,NA,NA,NA,NA,NA,NA,-121.9327,36.7902
254030,254030,UT,15:34:25 10-Apr-2024,Argos,A,36.7946,-121.9897,197,386,100,60,NA,NA,NA,NA,NA,NA,-121.9897,36.7946
254030,254030,UT,16:56:21 10-Apr-2024,Argos,B,36.8046,-122.0041,1154,1696,784,97,NA,NA,NA,NA,NA,NA,-122.0041,36.8046
254030,254030,UT,17:22:10 10-Apr-2024,Argos,B,36.8216,-121.9887,1018,7789,133,113,NA,NA,NA,NA,NA,NA,-121.9887,36.8216
254030,254030,UT,18:16:56 10-Apr-2024,Argos,2,36.8089,-121.9868,484,681,343,110,NA,NA,NA,NA,NA,NA,-121.9868,36.8089
254030,254030,UT,18:38:02 10-Apr-2024,Argos,B,36.8061,-121.991,1319,4067,427,116,NA,NA,NA,NA,NA,NA,-121.991,36.8061
254030,254030,UT,21:41:47 10-Apr-2024,Argos,B,36.8023,-122.0141,4522,5852,3494,91,NA,NA,NA,NA,NA,NA,-122.0141,36.8023
254030,254030,UT,00:49:48 11-Apr-2024,Argos,B,36.8288,-122.0552,2589,4059,1650,73,NA,NA,NA,NA,NA,NA,-122.0552,36.8288
254030,254030,UT,02:24:07 11-Apr-2024,Argos,B,36.8486,-122.062,2950,5211,1669,76,NA,NA,NA,NA,NA,NA,-122.062,36.8486
254030,254030,UT,02:48:31 11-Apr-2024,Argos,B,36.8914,-122.0558,2280,149789,34,88,NA,NA,NA,NA,NA,NA,-122.0558,36.8914
254030,254030,UT,04:17:29 11-Apr-2024,Argos,A,36.8936,-122.2544,193,350,105,76,NA,NA,NA,NA,NA,NA,-122.2544,36.8936
254030,254030,UT,04:34:53 11-Apr-2024,Argos,B,36.892,-122.2495,820,1956,343,26,NA,NA,NA,NA,NA,NA,-122.2495,36.892
254030,254030,UT,05:41:06 11-Apr-2024,Argos,B,36.8964,-122.3034,1805,2303,1414,81,NA,NA,NA,NA,NA,NA,-122.3034,36.8964
254030,254030,UT,07:28:54 11-Apr-2024,Argos,B,36.9019,-122.3859,1818,2259,1462,84,NA,NA,NA,NA,NA,NA,-122.3859,36.9019
254030,254030,UT,08:43:40 11-Apr-2024,Argos,B,36.9056,-122.4143,2589,5812,1153,75,NA,NA,NA,NA,NA,NA,-122.4143,36.9056
254030,254030,UT,13:17:03 11-Apr-2024,Argos,B,36.9859,-122.5964,2587,119115,56,67,NA,NA,NA,NA,NA,NA,-122.5964,36.9859
254030,254030,UT,14:07:12 11-Apr-2024,Argos,B,37.0674,-122.4152,3479,32403,373,25,NA,NA,NA,NA,NA,NA,-122.4152,37.0674
254030,254030,UT,14:30:32 11-Apr-2024,Argos,B,37.0669,-122.4155,2886,5302,1570,28,NA,NA,NA,NA,NA,NA,-122.4155,37.0669
254030,254030,UT,15:10:55 11-Apr-2024,Argos,B,37.0818,-122.4002,3312,4477,2449,67,NA,NA,NA,NA,NA,NA,-122.4002,37.0818
254030,254030,UT,16:41:41 11-Apr-2024,Argos,B,37.086,-122.4019,1821,2411,1374,75,NA,NA,NA,NA,NA,NA,-122.4019,37.086
254030,254030,UT,16:50:22 11-Apr-2024,Argos,B,37.0798,-122.4121,1351,28220,64,86,NA,NA,NA,NA,NA,NA,-122.4121,37.0798
254030,254030,UT,17:24:08 11-Apr-2024,Argos,B,37.0959,-122.3944,1569,4954,496,86,NA,NA,NA,NA,NA,NA,-122.3944,37.0959
254030,254030,UT,18:25:18 11-Apr-2024,Argos,B,37.1121,-122.368,2121,5155,872,74,NA,NA,NA,NA,NA,NA,-122.368,37.1121
254030,254030,UT,18:57:38 11-Apr-2024,Argos,1,37.0926,-122.4365,749,1122,500,5,NA,NA,NA,NA,NA,NA,-122.4365,37.0926
254030,254030,UT,20:51:43 11-Apr-2024,Argos,B,37.1184,-122.4789,3139,26267,375,177,NA,NA,NA,NA,NA,NA,-122.4789,37.1184
254030,254030,UT,01:46:24 12-Apr-2024,Argos,B,37.1813,-122.5258,5811,11646,2899,96,NA,NA,NA,NA,NA,NA,-122.5258,37.1813
254030,254030,UT,02:16:30 12-Apr-2024,Argos,B,37.229,-122.5781,2347,28267,194,89,NA,NA,NA,NA,NA,NA,-122.5781,37.229
254030,254030,UT,02:17:22 12-Apr-2024,Argos,B,37.2279,-122.5852,3203,36787,278,89,NA,NA,NA,NA,NA,NA,-122.5852,37.2279
254030,254030,UT,04:06:55 12-Apr-2024,Argos,B,37.2723,-122.5991,1032,12839,83,121,NA,NA,NA,NA,NA,NA,-122.5991,37.2723
254030,254030,UT,04:06:55 12-Apr-2024,Argos,B,37.2676,-122.6294,3797,12580,1145,85,NA,NA,NA,NA,NA,NA,-122.6294,37.2676
254030,254030,UT,05:30:54 12-Apr-2024,Argos,B,37.3164,-122.5768,1165,13666,99,150,NA,NA,NA,NA,NA,NA,-122.5768,37.3164
254030,254030,UT,06:21:43 12-Apr-2024,Argos,B,37.2806,-122.5584,998,2983,333,49,NA,NA,NA,NA,NA,NA,-122.5584,37.2806
254030,254030,UT,07:12:10 12-Apr-2024,Argos,B,37.2867,-122.5369,1256,15034,104,32,NA,NA,NA,NA,NA,NA,-122.5369,37.2867
254030,254030,UT,07:59:33 12-Apr-2024,Argos,B,37.2631,-122.5453,1179,2139,649,54,NA,NA,NA,NA,NA,NA,-122.5453,37.2631
254030,254030,UT,13:37:49 12-Apr-2024,Argos,A,37.2735,-122.561,5633,131480,241,75,NA,NA,NA,NA,NA,NA,-122.561,37.2735
254030,254030,UT,14:25:34 12-Apr-2024,Argos,A,37.2781,-122.5373,153,262,89,49,NA,NA,NA,NA,NA,NA,-122.5373,37.2781
254030,254030,UT,15:14:30 12-Apr-2024,Argos,B,37.2805,-122.5322,941,1238,714,89,NA,NA,NA,NA,NA,NA,-122.5322,37.2805
254030,254030,UT,16:32:44 12-Apr-2024,Argos,B,37.2897,-122.5225,1417,2146,935,97,NA,NA,NA,NA,NA,NA,-122.5225,37.2897
254030,254030,UT,16:57:51 12-Apr-2024,Argos,B,37.2894,-122.529,1096,11292,106,127,NA,NA,NA,NA,NA,NA,-122.529,37.2894
254030,254030,UT,17:48:35 12-Apr-2024,Argos,B,37.3192,-122.5359,988,29208,33,103,NA,NA,NA,NA,NA,NA,-122.5359,37.3192
254030,254030,UT,17:57:42 12-Apr-2024,Argos,B,37.3162,-122.5308,995,4964,199,97,NA,NA,NA,NA,NA,NA,-122.5308,37.3162
254030,254030,UT,18:06:45 12-Apr-2024,Argos,B,37.3214,-122.5296,929,27203,31,94,NA,NA,NA,NA,NA,NA,-122.5296,37.3214
254030,254030,UT,18:34:49 12-Apr-2024,Argos,B,37.3276,-122.5289,695,2933,164,129,NA,NA,NA,NA,NA,NA,-122.5289,37.3276
254030,254030,UT,19:34:11 12-Apr-2024,Argos,B,37.3424,-122.5228,1199,2276,631,113,NA,NA,NA,NA,NA,NA,-122.5228,37.3424
254030,254030,UT,20:05:17 12-Apr-2024,Argos,1,37.3727,-122.553,719,1367,377,104,NA,NA,NA,NA,NA,NA,-122.553,37.3727
254030,254030,UT,21:42:55 12-Apr-2024,Argos,B,37.4154,-122.5837,13027,17504,9694,104,NA,NA,NA,NA,NA,NA,-122.5837,37.4154
254030,254030,UT,23:25:46 12-Apr-2024,Argos,B,37.4372,-122.6094,15413,25704,9241,92,NA,NA,NA,NA,NA,NA,-122.6094,37.4372
254030,254030,UT,01:06:33 13-Apr-2024,Argos,A,37.4082,-122.4958,4031,175823,92,77,NA,NA,NA,NA,NA,NA,-122.4958,37.4082
254030,254030,UT,02:03:45 13-Apr-2024,Argos,B,37.4194,-122.4855,5752,13365,2475,79,NA,NA,NA,NA,NA,NA,-122.4855,37.4194
254030,254030,UT,02:44:10 13-Apr-2024,Argos,B,37.428,-122.4832,6699,12960,3462,82,NA,NA,NA,NA,NA,NA,-122.4832,37.428
254030,254030,UT,03:39:38 13-Apr-2024,Argos,A,37.4228,-122.51,3368,32550,348,61,NA,NA,NA,NA,NA,NA,-122.51,37.4228
254030,254030,UT,04:20:41 13-Apr-2024,Argos,B,37.4066,-122.5313,1507,9862,230,103,NA,NA,NA,NA,NA,NA,-122.5313,37.4066
254030,254030,UT,05:07:06 13-Apr-2024,Argos,B,37.3991,-122.5365,862,14698,50,79,NA,NA,NA,NA,NA,NA,-122.5365,37.3991
254030,254030,UT,05:16:53 13-Apr-2024,Argos,B,37.3995,-122.5345,1017,3963,260,79,NA,NA,NA,NA,NA,NA,-122.5345,37.3995
254030,254030,UT,13:04:11 13-Apr-2024,Argos,B,37.403,-122.6365,2471,6930,880,68,NA,NA,NA,NA,NA,NA,-122.6365,37.403
254030,254030,UT,13:16:23 13-Apr-2024,Argos,B,37.45,-122.5355,1519,69070,33,94,NA,NA,NA,NA,NA,NA,-122.5355,37.45
254030,254030,UT,14:01:00 13-Apr-2024,Argos,B,37.4396,-122.5466,1633,136815,19,94,NA,NA,NA,NA,NA,NA,-122.5466,37.4396
254030,254030,UT,16:04:50 13-Apr-2024,Argos,B,37.4284,-122.5707,2200,4950,977,93,NA,NA,NA,NA,NA,NA,-122.5707,37.4284
254030,254030,UT,18:01:19 13-Apr-2024,Argos,B,37.3992,-122.5873,2697,6440,1129,87,NA,NA,NA,NA,NA,NA,-122.5873,37.3992
254030,254030,UT,19:22:26 13-Apr-2024,Argos,B,37.3417,-122.6644,11765,23107,5990,88,NA,NA,NA,NA,NA,NA,-122.6644,37.3417
254030,254030,UT,19:22:59 13-Apr-2024,Argos,0,37.3338,-122.6448,2085,18900,230,109,NA,NA,NA,NA,NA,NA,-122.6448,37.3338
254030,254030,UT,20:55:24 13-Apr-2024,Argos,A,37.3439,-122.649,816,4275,155,113,NA,NA,NA,NA,NA,NA,-122.649,37.3439
254030,254030,UT,21:04:11 13-Apr-2024,Argos,B,37.3419,-122.6514,654,899,474,99,NA,NA,NA,NA,NA,NA,-122.6514,37.3419
254030,254030,UT,00:22:00 14-Apr-2024,Argos,B,37.3141,-122.6994,1877,3037,1159,96,NA,NA,NA,NA,NA,NA,-122.6994,37.3141
254030,254030,UT,02:03:04 14-Apr-2024,Argos,B,37.3082,-122.7097,3070,6796,1387,69,NA,NA,NA,NA,NA,NA,-122.7097,37.3082
254030,254030,UT,05:06:16 14-Apr-2024,Argos,B,37.3317,-122.6423,1968,29370,131,146,NA,NA,NA,NA,NA,NA,-122.6423,37.3317
254030,254030,UT,05:21:19 14-Apr-2024,Argos,B,37.333,-122.6431,2045,9026,463,145,NA,NA,NA,NA,NA,NA,-122.6431,37.333
254030,254030,UT,05:38:36 14-Apr-2024,Argos,B,37.3469,-122.6255,1956,47993,79,144,NA,NA,NA,NA,NA,NA,-122.6255,37.3469
254030,254030,UT,06:47:45 14-Apr-2024,Argos,B,37.334,-122.6267,791,13944,44,70,NA,NA,NA,NA,NA,NA,-122.6267,37.334
254030,254030,UT,13:40:46 14-Apr-2024,Argos,B,37.2729,-122.6392,2553,3884,1677,57,NA,NA,NA,NA,NA,NA,-122.6392,37.2729
254030,254030,UT,14:12:44 14-Apr-2024,Argos,B,37.2936,-122.621,2442,8445,705,71,NA,NA,NA,NA,NA,NA,-122.621,37.2936
254030,254030,UT,15:35:39 14-Apr-2024,Argos,B,37.2813,-122.6123,1947,61815,61,63,NA,NA,NA,NA,NA,NA,-122.6123,37.2813
254030,254030,UT,16:04:00 14-Apr-2024,Argos,B,37.2874,-122.5913,1538,4835,489,61,NA,NA,NA,NA,NA,NA,-122.5913,37.2874
254030,254030,UT,17:11:56 14-Apr-2024,Argos,A,37.2668,-122.6082,601,3829,94,55,NA,NA,NA,NA,NA,NA,-122.6082,37.2668
254030,254030,UT,17:42:09 14-Apr-2024,Argos,A,37.2949,-122.6218,4446,92333,214,101,NA,NA,NA,NA,NA,NA,-122.6218,37.2949
254030,254030,UT,18:04:35 14-Apr-2024,Argos,B,37.3049,-122.6726,9339,25360,3439,100,NA,NA,NA,NA,NA,NA,-122.6726,37.3049
254030,254030,UT,19:05:20 14-Apr-2024,Argos,B,37.284,-122.5853,5154,9015,2946,26,NA,NA,NA,NA,NA,NA,-122.5853,37.284
254030,254030,UT,20:17:28 14-Apr-2024,Argos,B,37.2812,-122.5955,5175,5931,4515,44,NA,NA,NA,NA,NA,NA,-122.5955,37.2812
254030,254030,UT,01:20:23 15-Apr-2024,Argos,1,37.305,-122.6718,510,1930,134,71,NA,NA,NA,NA,NA,NA,-122.6718,37.305
254030,254030,UT,02:25:19 15-Apr-2024,Argos,B,37.3109,-122.6797,3154,5895,1687,98,NA,NA,NA,NA,NA,NA,-122.6797,37.3109
254030,254030,UT,02:42:45 15-Apr-2024,Argos,A,37.3169,-122.6598,125,597,26,104,NA,NA,NA,NA,NA,NA,-122.6598,37.3169
254030,254030,UT,02:50:12 15-Apr-2024,Argos,A,37.3133,-122.6646,1001,5474,183,87,NA,NA,NA,NA,NA,NA,-122.6646,37.3133
254030,254030,UT,03:29:23 15-Apr-2024,Argos,A,37.312,-122.6399,204,565,73,104,NA,NA,NA,NA,NA,NA,-122.6399,37.312
254030,254030,UT,03:37:10 15-Apr-2024,Argos,B,37.3126,-122.6432,377,487,291,37,NA,NA,NA,NA,NA,NA,-122.6432,37.3126
254030,254030,UT,04:02:47 15-Apr-2024,Argos,B,37.3109,-122.643,595,1382,255,72,NA,NA,NA,NA,NA,NA,-122.643,37.3109
254030,254030,UT,04:31:22 15-Apr-2024,Argos,B,37.3097,-122.642,942,1447,613,77,NA,NA,NA,NA,NA,NA,-122.642,37.3097
254030,254030,UT,05:11:35 15-Apr-2024,Argos,2,37.296,-122.6059,317,947,105,82,NA,NA,NA,NA,NA,NA,-122.6059,37.296
254030,254030,UT,05:13:43 15-Apr-2024,Argos,B,37.2969,-122.6062,262,421,163,80,NA,NA,NA,NA,NA,NA,-122.6062,37.2969
254030,254030,UT,06:33:28 15-Apr-2024,Argos,A,37.3104,-122.5687,240,876,65,63,NA,NA,NA,NA,NA,NA,-122.5687,37.3104
254030,254030,UT,07:21:10 15-Apr-2024,Argos,B,37.3132,-122.5603,661,7800,56,49,NA,NA,NA,NA,NA,NA,-122.5603,37.3132
254030,254030,UT,13:11:53 15-Apr-2024,Argos,B,37.3093,-122.4587,2613,3280,2080,85,NA,NA,NA,NA,NA,NA,-122.4587,37.3093
254030,254030,UT,13:32:03 15-Apr-2024,Argos,B,37.3134,-122.5182,2033,112354,36,92,NA,NA,NA,NA,NA,NA,-122.5182,37.3134
254030,254030,UT,14:47:45 15-Apr-2024,Argos,B,37.3085,-122.4866,2289,8032,652,90,NA,NA,NA,NA,NA,NA,-122.4866,37.3085
254030,254030,UT,15:10:30 15-Apr-2024,Argos,B,37.2904,-122.5712,871,1476,513,132,NA,NA,NA,NA,NA,NA,-122.5712,37.2904
254030,254030,UT,15:10:51 15-Apr-2024,Argos,B,37.2895,-122.5691,878,1493,515,132,NA,NA,NA,NA,NA,NA,-122.5691,37.2895
254030,254030,UT,15:18:50 15-Apr-2024,Argos,B,37.2991,-122.4946,2267,10096,509,93,NA,NA,NA,NA,NA,NA,-122.4946,37.2991
254030,254030,UT,16:51:23 15-Apr-2024,Argos,B,37.2697,-122.4982,1658,24071,114,107,NA,NA,NA,NA,NA,NA,-122.4982,37.2697
254030,254030,UT,17:35:13 15-Apr-2024,Argos,A,37.2538,-122.5436,179,620,51,85,NA,NA,NA,NA,NA,NA,-122.5436,37.2538
254030,254030,UT,17:36:42 15-Apr-2024,Argos,B,37.2459,-122.5212,544,1163,254,49,NA,NA,NA,NA,NA,NA,-122.5212,37.2459
254030,254030,UT,18:51:34 15-Apr-2024,Argos,A,37.2682,-122.5297,606,2585,141,139,NA,NA,NA,NA,NA,NA,-122.5297,37.2682
254030,254030,UT,20:35:19 15-Apr-2024,Argos,B,37.2946,-122.5225,1567,4322,567,99,NA,NA,NA,NA,NA,NA,-122.5225,37.2946
254030,254030,UT,21:07:41 15-Apr-2024,Argos,B,37.2882,-122.5265,2272,5026,1027,89,NA,NA,NA,NA,NA,NA,-122.5265,37.2882
254030,254030,UT,00:37:59 16-Apr-2024,Argos,B,37.2714,-122.5377,3264,5290,2014,93,NA,NA,NA,NA,NA,NA,-122.5377,37.2714
254030,254030,UT,02:18:05 16-Apr-2024,Argos,A,37.307,-122.5406,95,140,64,173,NA,NA,NA,NA,NA,NA,-122.5406,37.307
254030,254030,UT,02:19:37 16-Apr-2024,Argos,B,37.2912,-122.5503,2638,4554,1527,77,NA,NA,NA,NA,NA,NA,-122.5503,37.2912
254030,254030,UT,02:26:55 16-Apr-2024,Argos,B,37.2943,-122.5487,1419,21309,94,174,NA,NA,NA,NA,NA,NA,-122.5487,37.2943
254030,254030,UT,03:31:49 16-Apr-2024,Argos,B,37.3341,-122.5668,746,5373,103,75,NA,NA,NA,NA,NA,NA,-122.5668,37.3341
254030,254030,UT,04:06:08 16-Apr-2024,Argos,2,37.3378,-122.5935,448,660,303,112,NA,NA,NA,NA,NA,NA,-122.5935,37.3378
254030,254030,UT,05:01:32 16-Apr-2024,Argos,B,37.3467,-122.5827,1445,2328,896,86,NA,NA,NA,NA,NA,NA,-122.5827,37.3467
254030,254030,UT,06:21:25 16-Apr-2024,Argos,0,37.366,-122.5791,25399,940127,686,78,NA,NA,NA,NA,NA,NA,-122.5791,37.366
254030,254030,UT,08:14:57 16-Apr-2024,Argos,3,37.3672,-122.5977,241,482,120,83,NA,NA,NA,NA,NA,NA,-122.5977,37.3672
254030,254030,UT,12:50:30 16-Apr-2024,Argos,B,37.3638,-122.5792,2545,40468,160,28,NA,NA,NA,NA,NA,NA,-122.5792,37.3638
254030,254030,UT,12:53:01 16-Apr-2024,Argos,B,37.3477,-122.615,4263,8490,2140,74,NA,NA,NA,NA,NA,NA,-122.615,37.3477
254030,254030,UT,14:43:16 16-Apr-2024,Argos,B,37.347,-122.6118,2388,7073,806,81,NA,NA,NA,NA,NA,NA,-122.6118,37.347
254030,254030,UT,16:22:03 16-Apr-2024,Argos,B,37.3522,-122.61,2190,3759,1275,95,NA,NA,NA,NA,NA,NA,-122.61,37.3522
254030,254030,UT,17:15:01 16-Apr-2024,Argos,B,37.3422,-122.5563,2021,2381,1715,84,NA,NA,NA,NA,NA,NA,-122.5563,37.3422
254030,254030,UT,17:21:43 16-Apr-2024,Argos,B,37.3312,-122.5611,1920,2513,1466,96,NA,NA,NA,NA,NA,NA,-122.5611,37.3312
254030,254030,UT,19:00:01 16-Apr-2024,Argos,B,37.3239,-122.5439,2285,3122,1672,97,NA,NA,NA,NA,NA,NA,-122.5439,37.3239
254030,254030,UT,20:18:57 16-Apr-2024,Argos,A,37.3033,-122.5588,127,400,40,110,NA,NA,NA,NA,NA,NA,-122.5588,37.3033
254030,254030,UT,20:23:10 16-Apr-2024,Argos,B,37.3033,-122.5584,310,425,225,98,NA,NA,NA,NA,NA,NA,-122.5584,37.3033
254030,254030,UT,23:58:28 16-Apr-2024,Argos,A,37.3049,-122.5501,306,1584,59,45,NA,NA,NA,NA,NA,NA,-122.5501,37.3049
254030,254030,UT,01:21:21 17-Apr-2024,Argos,B,37.2894,-122.5437,1202,1732,833,84,NA,NA,NA,NA,NA,NA,-122.5437,37.2894
254030,254030,UT,01:43:53 17-Apr-2024,Argos,B,37.259,-122.5681,1879,4713,748,105,NA,NA,NA,NA,NA,NA,-122.5681,37.259
254030,254030,UT,02:01:03 17-Apr-2024,Argos,B,37.2472,-122.5202,1870,6535,535,6,NA,NA,NA,NA,NA,NA,-122.5202,37.2472
254030,254030,UT,03:28:12 17-Apr-2024,Argos,B,37.2542,-122.5077,2474,3745,1633,107,NA,NA,NA,NA,NA,NA,-122.5077,37.2542
254030,254030,UT,03:39:55 17-Apr-2024,Argos,B,37.2665,-122.502,1016,19279,53,119,NA,NA,NA,NA,NA,NA,-122.502,37.2665
254030,254030,UT,04:36:44 17-Apr-2024,Argos,B,37.2594,-122.4917,1241,2390,643,102,NA,NA,NA,NA,NA,NA,-122.4917,37.2594
254030,254030,UT,04:44:54 17-Apr-2024,Argos,B,37.2557,-122.507,1413,2932,681,89,NA,NA,NA,NA,NA,NA,-122.507,37.2557
254030,254030,UT,06:09:40 17-Apr-2024,Argos,B,37.264,-122.5076,1446,52787,39,76,NA,NA,NA,NA,NA,NA,-122.5076,37.264
254030,254030,UT,06:15:33 17-Apr-2024,Argos,A,37.263,-122.5229,128,166,97,83,NA,NA,NA,NA,NA,NA,-122.5229,37.263
254030,254030,UT,06:28:00 17-Apr-2024,Argos,B,37.2629,-122.5234,498,637,388,89,NA,NA,NA,NA,NA,NA,-122.5234,37.2629
254030,254030,UT,07:30:44 17-Apr-2024,Argos,B,37.2697,-122.5293,1106,1531,798,75,NA,NA,NA,NA,NA,NA,-122.5293,37.2697
254030,254030,UT,12:07:49 17-Apr-2024,Argos,B,37.3171,-122.5331,2238,3812,1313,79,NA,NA,NA,NA,NA,NA,-122.5331,37.3171
254030,254030,UT,13:42:59 17-Apr-2024,Argos,B,37.3257,-122.5392,1854,78819,43,101,NA,NA,NA,NA,NA,NA,-122.5392,37.3257
254030,254030,UT,14:04:22 17-Apr-2024,Argos,B,37.3439,-122.5789,1420,28780,70,92,NA,NA,NA,NA,NA,NA,-122.5789,37.3439
254030,254030,UT,14:17:22 17-Apr-2024,Argos,B,37.3458,-122.5835,1452,7499,281,91,NA,NA,NA,NA,NA,NA,-122.5835,37.3458
254030,254030,UT,15:28:19 17-Apr-2024,Argos,B,37.3474,-122.5845,1815,4644,708,91,NA,NA,NA,NA,NA,NA,-122.5845,37.3474
254030,254030,UT,15:59:52 17-Apr-2024,Argos,B,37.3301,-122.6006,1644,21881,123,101,NA,NA,NA,NA,NA,NA,-122.6006,37.3301
254030,254030,UT,17:12:18 17-Apr-2024,Argos,B,37.3234,-122.6129,1904,5279,686,104,NA,NA,NA,NA,NA,NA,-122.6129,37.3234
254030,254030,UT,18:33:57 17-Apr-2024,Argos,A,37.284,-122.5469,185,390,87,81,NA,NA,NA,NA,NA,NA,-122.5469,37.284
254030,254030,UT,18:51:38 17-Apr-2024,Argos,B,37.2808,-122.5647,442,1427,136,161,NA,NA,NA,NA,NA,NA,-122.5647,37.2808
254030,254030,UT,20:14:50 17-Apr-2024,Argos,B,37.2667,-122.5536,1268,1615,995,97,NA,NA,NA,NA,NA,NA,-122.5536,37.2667
254030,254030,UT,21:11:39 17-Apr-2024,Argos,B,37.3205,-122.5707,1171,25705,53,95,NA,NA,NA,NA,NA,NA,-122.5707,37.3205
254030,254030,UT,00:59:25 18-Apr-2024,Argos,B,37.2905,-122.5558,1760,99614,31,79,NA,NA,NA,NA,NA,NA,-122.5558,37.2905
254030,254030,UT,01:29:49 18-Apr-2024,Argos,B,37.2895,-122.548,1926,8551,433,79,NA,NA,NA,NA,NA,NA,-122.548,37.2895
254030,254030,UT,02:26:56 18-Apr-2024,Argos,B,37.2873,-122.5429,2093,5426,806,79,NA,NA,NA,NA,NA,NA,-122.5429,37.2873
254030,254030,UT,03:05:22 18-Apr-2024,Argos,B,37.2898,-122.5154,1248,23060,67,29,NA,NA,NA,NA,NA,NA,-122.5154,37.2898
254030,254030,UT,03:16:27 18-Apr-2024,Argos,B,37.3007,-122.5447,2218,7874,624,85,NA,NA,NA,NA,NA,NA,-122.5447,37.3007
254030,254030,UT,04:08:36 18-Apr-2024,Argos,B,37.3167,-122.5156,820,2507,267,15,NA,NA,NA,NA,NA,NA,-122.5156,37.3167
254030,254030,UT,04:33:07 18-Apr-2024,Argos,B,37.3291,-122.509,847,987,726,52,NA,NA,NA,NA,NA,NA,-122.509,37.3291
254030,254030,UT,05:04:40 18-Apr-2024,Argos,B,37.3142,-122.5089,1044,3374,323,93,NA,NA,NA,NA,NA,NA,-122.5089,37.3142
254030,254030,UT,05:59:25 18-Apr-2024,Argos,B,37.3098,-122.5032,2153,3685,1257,94,NA,NA,NA,NA,NA,NA,-122.5032,37.3098
254030,254030,UT,06:12:05 18-Apr-2024,Argos,B,37.3082,-122.5399,1069,8092,141,155,NA,NA,NA,NA,NA,NA,-122.5399,37.3082
254030,254030,UT,08:21:57 18-Apr-2024,Argos,A,37.3694,-122.5967,151,304,74,63,NA,NA,NA,NA,NA,NA,-122.5967,37.3694
254030,254030,UT,15:34:34 18-Apr-2024,Argos,B,37.3876,-122.6408,4897,7353,3261,115,NA,NA,NA,NA,NA,NA,-122.6408,37.3876
254030,254030,UT,16:32:22 18-Apr-2024,Argos,B,37.4097,-122.6883,3534,4149,3010,140,NA,NA,NA,NA,NA,NA,-122.6883,37.4097
254030,254030,UT,17:22:37 18-Apr-2024,Argos,B,37.4041,-122.7027,2585,3875,1724,103,NA,NA,NA,NA,NA,NA,-122.7027,37.4041
254030,254030,UT,18:21:15 18-Apr-2024,Argos,B,37.4294,-122.7237,3621,9139,1434,89,NA,NA,NA,NA,NA,NA,-122.7237,37.4294
254030,254030,UT,18:21:30 18-Apr-2024,Argos,A,37.4035,-122.7561,3783,29763,480,78,NA,NA,NA,NA,NA,NA,-122.7561,37.4035
254030,254030,UT,20:27:46 18-Apr-2024,Argos,A,37.4162,-122.7647,528,5066,55,96,NA,NA,NA,NA,NA,NA,-122.7647,37.4162
254030,254030,UT,00:14:13 19-Apr-2024,Argos,B,37.4609,-122.8203,1464,21672,98,93,NA,NA,NA,NA,NA,NA,-122.8203,37.4609
254030,254030,UT,01:59:25 19-Apr-2024,Argos,B,37.4757,-122.7995,1195,18344,77,74,NA,NA,NA,NA,NA,NA,-122.7995,37.4757
254030,254030,UT,02:01:04 19-Apr-2024,Argos,B,37.4791,-122.7901,677,3425,133,76,NA,NA,NA,NA,NA,NA,-122.7901,37.4791
254030,254030,UT,03:38:47 19-Apr-2024,Argos,B,37.4869,-122.8159,1366,2259,825,94,NA,NA,NA,NA,NA,NA,-122.8159,37.4869
254030,254030,UT,04:24:50 19-Apr-2024,Argos,B,37.4701,-122.7905,1112,9353,132,57,NA,NA,NA,NA,NA,NA,-122.7905,37.4701
254030,254030,UT,04:28:05 19-Apr-2024,Argos,B,37.4788,-122.7787,291,414,204,165,NA,NA,NA,NA,NA,NA,-122.7787,37.4788
254030,254030,UT,05:35:58 19-Apr-2024,Argos,B,37.5011,-122.813,771,7276,81,27,NA,NA,NA,NA,NA,NA,-122.813,37.5011
254030,254030,UT,07:34:40 19-Apr-2024,Argos,B,37.5033,-122.8368,1142,55738,23,74,NA,NA,NA,NA,NA,NA,-122.8368,37.5033
254030,254030,UT,13:12:31 19-Apr-2024,Argos,B,37.4899,-122.9307,2477,5889,1041,89,NA,NA,NA,NA,NA,NA,-122.9307,37.4899
254030,254030,UT,14:08:11 19-Apr-2024,Argos,B,37.4593,-122.8585,3665,16340,822,92,NA,NA,NA,NA,NA,NA,-122.8585,37.4593
254030,254030,UT,14:51:24 19-Apr-2024,Argos,B,37.4452,-122.8119,1392,11126,174,132,NA,NA,NA,NA,NA,NA,-122.8119,37.4452
254030,254030,UT,16:45:12 19-Apr-2024,Argos,B,37.398,-122.7805,2138,4217,1083,111,NA,NA,NA,NA,NA,NA,-122.7805,37.398
254030,254030,UT,18:04:41 19-Apr-2024,Argos,B,37.3901,-122.7841,2630,4012,1724,112,NA,NA,NA,NA,NA,NA,-122.7841,37.3901
254030,254030,UT,18:22:15 19-Apr-2024,Argos,B,37.3861,-122.7751,1849,2214,1543,106,NA,NA,NA,NA,NA,NA,-122.7751,37.3861
254030,254030,UT,19:41:38 19-Apr-2024,Argos,B,37.3677,-122.7571,1886,2842,1251,71,NA,NA,NA,NA,NA,NA,-122.7571,37.3677
254030,254030,UT,21:21:01 19-Apr-2024,Argos,B,37.3207,-122.7525,1255,6773,232,69,NA,NA,NA,NA,NA,NA,-122.7525,37.3207
254030,254030,UT,23:41:55 19-Apr-2024,Argos,B,37.2803,-122.7306,2046,3679,1137,77,NA,NA,NA,NA,NA,NA,-122.7306,37.2803
254030,254030,UT,01:13:10 20-Apr-2024,Argos,B,37.2559,-122.7162,2646,3684,1900,90,NA,NA,NA,NA,NA,NA,-122.7162,37.2559
254030,254030,UT,01:28:15 20-Apr-2024,Argos,B,37.3025,-122.7055,1280,14398,113,34,NA,NA,NA,NA,NA,NA,-122.7055,37.3025
254030,254030,UT,02:21:42 20-Apr-2024,Argos,B,37.3019,-122.6857,1186,1601,878,58,NA,NA,NA,NA,NA,NA,-122.6857,37.3019
254030,254030,UT,02:21:42 20-Apr-2024,Argos,B,37.2866,-122.6957,1600,2976,859,40,NA,NA,NA,NA,NA,NA,-122.6957,37.2866
254030,254030,UT,03:08:35 20-Apr-2024,Argos,B,37.3044,-122.6747,1087,22982,51,133,NA,NA,NA,NA,NA,NA,-122.6747,37.3044
254030,254030,UT,05:11:40 20-Apr-2024,Argos,B,37.3036,-122.6636,1135,9918,129,77,NA,NA,NA,NA,NA,NA,-122.6636,37.3036
254030,254030,UT,05:48:45 20-Apr-2024,Argos,B,37.2962,-122.6644,914,11327,73,101,NA,NA,NA,NA,NA,NA,-122.6644,37.2962
254030,254030,UT,06:49:46 20-Apr-2024,Argos,A,37.2991,-122.6588,123,210,71,57,NA,NA,NA,NA,NA,NA,-122.6588,37.2991
254030,254030,UT,08:33:18 20-Apr-2024,Argos,B,37.288,-122.6404,1356,1745,1052,96,NA,NA,NA,NA,NA,NA,-122.6404,37.288
254030,254030,UT,12:43:29 20-Apr-2024,Argos,B,37.2608,-122.55,1396,23636,82,124,NA,NA,NA,NA,NA,NA,-122.55,37.2608
254030,254030,UT,13:22:50 20-Apr-2024,Argos,B,37.2552,-122.5293,1132,38689,33,113,NA,NA,NA,NA,NA,NA,-122.5293,37.2552
254030,254030,UT,14:26:13 20-Apr-2024,Argos,B,37.2415,-122.4955,788,6443,96,12,NA,NA,NA,NA,NA,NA,-122.4955,37.2415
254030,254030,UT,14:26:13 20-Apr-2024,Argos,B,37.2379,-122.4962,662,4522,96,12,NA,NA,NA,NA,NA,NA,-122.4962,37.2379
254030,254030,UT,14:38:47 20-Apr-2024,Argos,B,37.2316,-122.4912,653,854,498,25,NA,NA,NA,NA,NA,NA,-122.4912,37.2316
254030,254030,UT,15:04:18 20-Apr-2024,Argos,B,37.2334,-122.4936,965,1094,851,85,NA,NA,NA,NA,NA,NA,-122.4936,37.2334
254030,254030,UT,16:25:03 20-Apr-2024,Argos,B,37.2893,-122.482,3154,12691,783,80,NA,NA,NA,NA,NA,NA,-122.482,37.2893
254030,254030,UT,17:54:58 20-Apr-2024,Argos,B,37.2257,-122.4119,1969,2873,1349,93,NA,NA,NA,NA,NA,NA,-122.4119,37.2257
254030,254030,UT,18:56:33 20-Apr-2024,Argos,B,37.3188,-122.6016,4100,7177,2342,51,NA,NA,NA,NA,NA,NA,-122.6016,37.3188
254030,254030,UT,19:32:48 20-Apr-2024,Argos,B,37.3208,-122.6,4705,7411,2986,54,NA,NA,NA,NA,NA,NA,-122.6,37.3208
254030,254030,UT,20:36:58 20-Apr-2024,Argos,B,37.2762,-122.5907,1887,20537,173,96,NA,NA,NA,NA,NA,NA,-122.5907,37.2762
254030,254030,UT,00:31:18 21-Apr-2024,Argos,B,37.2345,-122.5831,3396,5784,1993,96,NA,NA,NA,NA,NA,NA,-122.5831,37.2345
254030,254030,UT,00:54:17 21-Apr-2024,Argos,B,37.1944,-122.5687,3351,6301,1782,93,NA,NA,NA,NA,NA,NA,-122.5687,37.1944
254030,254030,UT,02:30:07 21-Apr-2024,Argos,A,37.1671,-122.3838,1405,27650,71,94,NA,NA,NA,NA,NA,NA,-122.3838,37.1671
254030,254030,UT,03:16:20 21-Apr-2024,Argos,B,37.1588,-122.3591,2353,4100,1350,91,NA,NA,NA,NA,NA,NA,-122.3591,37.1588
254030,254030,UT,03:37:21 21-Apr-2024,Argos,B,37.16,-122.3595,1830,3265,1025,88,NA,NA,NA,NA,NA,NA,-122.3595,37.16
254030,254030,UT,07:00:34 21-Apr-2024,Argos,B,37.1744,-122.4214,1450,26495,79,43,NA,NA,NA,NA,NA,NA,-122.4214,37.1744
254030,254030,UT,07:40:38 21-Apr-2024,Argos,B,37.1563,-122.419,1482,3134,700,46,NA,NA,NA,NA,NA,NA,-122.419,37.1563
254030,254030,UT,12:11:57 21-Apr-2024,Argos,B,37.098,-122.455,1390,11371,169,143,NA,NA,NA,NA,NA,NA,-122.455,37.098
254030,254030,UT,13:51:38 21-Apr-2024,Argos,B,37.1329,-122.4751,2178,4808,986,131,NA,NA,NA,NA,NA,NA,-122.4751,37.1329
254030,254030,UT,14:00:41 21-Apr-2024,Argos,B,37.1392,-122.4753,1807,3987,819,116,NA,NA,NA,NA,NA,NA,-122.4753,37.1392
254030,254030,UT,16:00:25 21-Apr-2024,Argos,B,37.1334,-122.4697,2253,3520,1442,109,NA,NA,NA,NA,NA,NA,-122.4697,37.1334
254030,254030,UT,17:12:26 21-Apr-2024,Argos,B,37.2029,-122.4717,1224,15483,96,136,NA,NA,NA,NA,NA,NA,-122.4717,37.2029
254030,254030,UT,18:07:39 21-Apr-2024,Argos,B,37.2264,-122.4795,1590,3041,831,131,NA,NA,NA,NA,NA,NA,-122.4795,37.2264
254030,254030,UT,21:29:05 21-Apr-2024,Argos,B,37.2701,-122.4799,2119,4613,973,111,NA,NA,NA,NA,NA,NA,-122.4799,37.2701
254030,254030,UT,02:07:14 22-Apr-2024,Argos,B,37.3441,-122.502,3143,4109,2404,113,NA,NA,NA,NA,NA,NA,-122.502,37.3441
254030,254030,UT,03:04:23 22-Apr-2024,Argos,B,37.2756,-122.5198,4122,8682,1956,141,NA,NA,NA,NA,NA,NA,-122.5198,37.2756
254030,254030,UT,04:33:49 22-Apr-2024,Argos,B,37.3133,-122.5488,2364,6991,799,96,NA,NA,NA,NA,NA,NA,-122.5488,37.3133
254030,254030,UT,06:11:52 22-Apr-2024,Argos,B,37.3283,-122.5652,2742,6001,1252,96,NA,NA,NA,NA,NA,NA,-122.5652,37.3283
254030,254030,UT,06:47:31 22-Apr-2024,Argos,B,37.3372,-122.5609,2867,8274,993,99,NA,NA,NA,NA,NA,NA,-122.5609,37.3372
254030,254030,UT,07:02:11 22-Apr-2024,Argos,B,37.3402,-122.5559,2734,9885,756,100,NA,NA,NA,NA,NA,NA,-122.5559,37.3402
254030,254030,UT,13:42:50 22-Apr-2024,Argos,B,37.4247,-122.6338,3300,15465,704,94,NA,NA,NA,NA,NA,NA,-122.6338,37.4247
254030,254030,UT,15:25:49 22-Apr-2024,Argos,B,37.4311,-122.6735,4245,15229,1183,110,NA,NA,NA,NA,NA,NA,-122.6735,37.4311
254030,254030,UT,18:31:12 22-Apr-2024,Argos,B,37.4316,-122.7169,3485,9008,1347,132,NA,NA,NA,NA,NA,NA,-122.7169,37.4316
254030,254030,UT,19:16:10 22-Apr-2024,Argos,B,37.4473,-122.7634,4574,17361,1205,125,NA,NA,NA,NA,NA,NA,-122.7634,37.4473
254030,254030,UT,02:48:58 23-Apr-2024,Argos,B,37.4473,-122.8693,2515,191664,33,78,NA,NA,NA,NA,NA,NA,-122.8693,37.4473
254030,254030,UT,04:23:07 23-Apr-2024,Argos,B,37.4558,-122.8558,4091,22149,755,78,NA,NA,NA,NA,NA,NA,-122.8558,37.4558
254030,254030,UT,14:24:06 23-Apr-2024,Argos,B,37.4426,-122.8244,5035,12195,2079,75,NA,NA,NA,NA,NA,NA,-122.8244,37.4426
254030,254030,UT,16:44:39 23-Apr-2024,Argos,B,37.4409,-122.881,5570,34664,895,77,NA,NA,NA,NA,NA,NA,-122.881,37.4409
254030,254030,UT,18:10:34 23-Apr-2024,Argos,B,37.4255,-122.9457,4136,13070,1308,80,NA,NA,NA,NA,NA,NA,-122.9457,37.4255
254030,254030,UT,18:56:51 23-Apr-2024,Argos,B,37.4262,-122.9141,3207,6866,1497,74,NA,NA,NA,NA,NA,NA,-122.9141,37.4262
254030,254030,UT,21:39:18 23-Apr-2024,Argos,B,37.4251,-122.9389,3632,6684,1973,75,NA,NA,NA,NA,NA,NA,-122.9389,37.4251
254030,254030,UT,00:14:56 24-Apr-2024,Argos,B,37.3752,-122.8875,3448,9411,1263,62,NA,NA,NA,NA,NA,NA,-122.8875,37.3752
254030,254030,UT,00:58:43 24-Apr-2024,Argos,B,37.3666,-122.8531,3392,11682,984,58,NA,NA,NA,NA,NA,NA,-122.8531,37.3666
254030,254030,UT,02:19:05 24-Apr-2024,Argos,B,37.4207,-122.7656,1606,4765,541,97,NA,NA,NA,NA,NA,NA,-122.7656,37.4207
254030,254030,UT,02:41:06 24-Apr-2024,Argos,B,37.4197,-122.7519,1819,4561,725,98,NA,NA,NA,NA,NA,NA,-122.7519,37.4197
254030,254030,UT,03:52:14 24-Apr-2024,Argos,B,37.4566,-122.758,2228,7360,674,93,NA,NA,NA,NA,NA,NA,-122.758,37.4566
254030,254030,UT,03:52:14 24-Apr-2024,Argos,B,37.4302,-122.7431,2322,5219,1033,96,NA,NA,NA,NA,NA,NA,-122.7431,37.4302
254030,254030,UT,04:04:52 24-Apr-2024,Argos,B,37.4572,-122.7633,1779,4073,777,90,NA,NA,NA,NA,NA,NA,-122.7633,37.4572
254030,254030,UT,04:19:53 24-Apr-2024,Argos,B,37.4535,-122.7451,1639,3939,681,97,NA,NA,NA,NA,NA,NA,-122.7451,37.4535
254030,254030,UT,05:00:41 24-Apr-2024,Argos,B,37.4935,-122.7477,1513,53250,43,90,NA,NA,NA,NA,NA,NA,-122.7477,37.4935
254030,254030,UT,05:31:39 24-Apr-2024,Argos,B,37.4972,-122.7904,1340,21441,83,108,NA,NA,NA,NA,NA,NA,-122.7904,37.4972
254030,254030,UT,06:27:16 24-Apr-2024,Argos,B,37.5144,-122.8027,1534,2878,817,105,NA,NA,NA,NA,NA,NA,-122.8027,37.5144
254030,254030,UT,07:10:31 24-Apr-2024,Argos,B,37.5189,-122.805,2089,3052,1428,119,NA,NA,NA,NA,NA,NA,-122.805,37.5189
254030,254030,UT,08:04:18 24-Apr-2024,Argos,B,37.5097,-122.7766,1461,8622,247,20,NA,NA,NA,NA,NA,NA,-122.7766,37.5097
254030,254030,UT,08:44:40 24-Apr-2024,Argos,B,37.5278,-122.8154,1973,3281,1186,100,NA,NA,NA,NA,NA,NA,-122.8154,37.5278
254030,254030,UT,12:21:34 24-Apr-2024,Argos,B,37.5501,-122.8392,2812,6335,1248,91,NA,NA,NA,NA,NA,NA,-122.8392,37.5501
254030,254030,UT,13:53:37 24-Apr-2024,Argos,B,37.4649,-122.7647,2371,183145,30,81,NA,NA,NA,NA,NA,NA,-122.7647,37.4649
254030,254030,UT,13:55:39 24-Apr-2024,Argos,B,37.5332,-122.8262,3225,5837,1782,105,NA,NA,NA,NA,NA,NA,-122.8262,37.5332
254030,254030,UT,14:28:08 24-Apr-2024,Argos,B,37.4968,-122.8434,3408,11378,1021,113,NA,NA,NA,NA,NA,NA,-122.8434,37.4968
254030,254030,UT,16:21:40 24-Apr-2024,Argos,B,37.4681,-122.8676,3133,8661,1133,107,NA,NA,NA,NA,NA,NA,-122.8676,37.4681
254030,254030,UT,17:20:07 24-Apr-2024,Argos,2,37.4422,-122.7814,466,1372,158,82,NA,NA,NA,NA,NA,NA,-122.7814,37.4422
254030,254030,UT,18:45:03 24-Apr-2024,Argos,A,37.444,-122.8218,482,2769,84,114,NA,NA,NA,NA,NA,NA,-122.8218,37.444
254030,254030,UT,19:02:58 24-Apr-2024,Argos,B,37.4441,-122.8217,625,844,463,101,NA,NA,NA,NA,NA,NA,-122.8217,37.4441
254030,254030,UT,19:14:18 24-Apr-2024,Argos,B,37.4408,-122.8259,786,1045,590,91,NA,NA,NA,NA,NA,NA,-122.8259,37.4408
254030,254030,UT,20:30:09 24-Apr-2024,Argos,B,37.4727,-122.8249,3323,8245,1339,99,NA,NA,NA,NA,NA,NA,-122.8249,37.4727
254030,254030,UT,20:51:32 24-Apr-2024,Argos,B,37.4204,-122.7775,976,7904,120,10,NA,NA,NA,NA,NA,NA,-122.7775,37.4204
254030,254030,UT,23:32:05 24-Apr-2024,Argos,B,37.4196,-122.7815,3565,5359,2371,71,NA,NA,NA,NA,NA,NA,-122.7815,37.4196
254030,254030,UT,01:09:36 25-Apr-2024,Argos,A,37.4134,-122.75,241,374,155,121,NA,NA,NA,NA,NA,NA,-122.75,37.4134
254030,254030,UT,01:54:49 25-Apr-2024,Argos,B,37.4272,-122.8007,368,1024,132,134,NA,NA,NA,NA,NA,NA,-122.8007,37.4272
254030,254030,UT,01:54:49 25-Apr-2024,Argos,B,37.408,-122.7803,614,5169,72,133,NA,NA,NA,NA,NA,NA,-122.7803,37.408
254030,254030,UT,02:06:51 25-Apr-2024,Argos,1,37.4434,-122.8148,793,2808,223,101,NA,NA,NA,NA,NA,NA,-122.8148,37.4434
254030,254030,UT,03:30:53 25-Apr-2024,Argos,B,37.4437,-122.8399,7388,10476,5209,85,NA,NA,NA,NA,NA,NA,-122.8399,37.4437
254030,254030,UT,03:51:22 25-Apr-2024,Argos,B,37.4655,-122.8181,4374,15814,1209,116,NA,NA,NA,NA,NA,NA,-122.8181,37.4655
254030,254030,UT,05:13:04 25-Apr-2024,Argos,A,37.4869,-122.8802,1042,7273,149,79,NA,NA,NA,NA,NA,NA,-122.8802,37.4869
254030,254030,UT,06:11:33 25-Apr-2024,Argos,B,37.4912,-122.8933,2381,4987,1136,75,NA,NA,NA,NA,NA,NA,-122.8933,37.4912
254030,254030,UT,06:33:41 25-Apr-2024,Argos,B,37.4919,-122.8815,1840,3162,1070,79,NA,NA,NA,NA,NA,NA,-122.8815,37.4919
254030,254030,UT,06:51:39 25-Apr-2024,Argos,A,37.5064,-122.8275,700,2044,239,163,NA,NA,NA,NA,NA,NA,-122.8275,37.5064
254030,254030,UT,07:59:39 25-Apr-2024,Argos,B,37.5043,-122.8504,736,3739,144,157,NA,NA,NA,NA,NA,NA,-122.8504,37.5043
254030,254030,UT,12:30:07 25-Apr-2024,Argos,B,37.4879,-122.9201,2225,2802,1766,84,NA,NA,NA,NA,NA,NA,-122.9201,37.4879
254030,254030,UT,13:18:07 25-Apr-2024,Argos,1,37.4347,-122.808,691,2823,168,83,NA,NA,NA,NA,NA,NA,-122.808,37.4347
254030,254030,UT,13:23:28 25-Apr-2024,Argos,B,37.4333,-122.8105,480,3678,62,69,NA,NA,NA,NA,NA,NA,-122.8105,37.4333
254030,254030,UT,14:01:57 25-Apr-2024,Argos,B,37.4199,-122.8067,627,9208,42,109,NA,NA,NA,NA,NA,NA,-122.8067,37.4199
254030,254030,UT,15:01:45 25-Apr-2024,Argos,B,37.4061,-122.7999,1204,1880,770,99,NA,NA,NA,NA,NA,NA,-122.7999,37.4061
254030,254030,UT,15:02:59 25-Apr-2024,Argos,B,37.4111,-122.772,902,4942,164,129,NA,NA,NA,NA,NA,NA,-122.772,37.4111
254030,254030,UT,17:12:29 25-Apr-2024,Argos,B,37.3767,-122.7587,1130,29031,44,77,NA,NA,NA,NA,NA,NA,-122.7587,37.3767
254030,254030,UT,17:30:47 25-Apr-2024,Argos,B,37.3758,-122.7596,1031,28593,37,87,NA,NA,NA,NA,NA,NA,-122.7596,37.3758
254030,254030,UT,18:31:13 25-Apr-2024,Argos,1,37.4175,-122.73,981,1597,602,55,NA,NA,NA,NA,NA,NA,-122.73,37.4175
254030,254030,UT,18:50:47 25-Apr-2024,Argos,A,37.4035,-122.7298,671,994,452,19,NA,NA,NA,NA,NA,NA,-122.7298,37.4035
254030,254030,UT,19:14:07 25-Apr-2024,Argos,B,37.4043,-122.7329,852,1161,624,87,NA,NA,NA,NA,NA,NA,-122.7329,37.4043
254030,254030,UT,20:07:46 25-Apr-2024,Argos,A,37.4149,-122.7753,1037,10167,105,96,NA,NA,NA,NA,NA,NA,-122.7753,37.4149
254030,254030,UT,20:13:15 25-Apr-2024,Argos,B,37.4142,-122.7819,619,3357,114,129,NA,NA,NA,NA,NA,NA,-122.7819,37.4142
254030,254030,UT,00:27:16 26-Apr-2024,Argos,1,37.4557,-122.7659,685,1012,463,95,NA,NA,NA,NA,NA,NA,-122.7659,37.4557
254030,254030,UT,01:30:12 26-Apr-2024,Argos,B,37.4711,-122.7739,5294,7195,3894,83,NA,NA,NA,NA,NA,NA,-122.7739,37.4711
254030,254030,UT,01:30:12 26-Apr-2024,Argos,B,37.4599,-122.7678,5366,7103,4053,84,NA,NA,NA,NA,NA,NA,-122.7678,37.4599
254030,254030,UT,01:38:05 26-Apr-2024,Argos,A,37.4815,-122.7579,337,1753,64,116,NA,NA,NA,NA,NA,NA,-122.7579,37.4815
254030,254030,UT,02:09:21 26-Apr-2024,Argos,1,37.4936,-122.7284,503,1217,207,44,NA,NA,NA,NA,NA,NA,-122.7284,37.4936
254030,254030,UT,03:04:34 26-Apr-2024,Argos,B,37.5079,-122.7184,1168,12400,110,50,NA,NA,NA,NA,NA,NA,-122.7184,37.5079
254030,254030,UT,03:07:48 26-Apr-2024,Argos,B,37.5081,-122.7181,1031,4084,260,51,NA,NA,NA,NA,NA,NA,-122.7181,37.5081
254030,254030,UT,03:15:18 26-Apr-2024,Argos,B,37.5076,-122.7188,455,2776,74,83,NA,NA,NA,NA,NA,NA,-122.7188,37.5076
254030,254030,UT,04:39:52 26-Apr-2024,Argos,B,37.5285,-122.6966,1323,1874,933,85,NA,NA,NA,NA,NA,NA,-122.6966,37.5285
254030,254030,UT,04:47:52 26-Apr-2024,Argos,B,37.5282,-122.6966,984,4660,207,121,NA,NA,NA,NA,NA,NA,-122.6966,37.5282
254030,254030,UT,04:51:17 26-Apr-2024,Argos,3,37.5349,-122.727,217,373,125,108,NA,NA,NA,NA,NA,NA,-122.727,37.5349
254030,254030,UT,06:00:02 26-Apr-2024,Argos,B,37.5516,-122.7081,1739,2213,1366,83,NA,NA,NA,NA,NA,NA,-122.7081,37.5516
254030,254030,UT,06:16:19 26-Apr-2024,Argos,A,37.5416,-122.7336,302,891,102,137,NA,NA,NA,NA,NA,NA,-122.7336,37.5416
254030,254030,UT,06:29:57 26-Apr-2024,Argos,2,37.5402,-122.74,343,408,288,151,NA,NA,NA,NA,NA,NA,-122.74,37.5402
254030,254030,UT,07:12:30 26-Apr-2024,Argos,3,37.552,-122.7463,193,426,87,64,NA,NA,NA,NA,NA,NA,-122.7463,37.552
254030,254030,UT,07:35:09 26-Apr-2024,Argos,B,37.5579,-122.7433,1545,1961,1217,87,NA,NA,NA,NA,NA,NA,-122.7433,37.5579
254030,254030,UT,14:19:00 26-Apr-2024,Argos,B,37.4178,-122.784,4856,76028,310,96,NA,NA,NA,NA,NA,NA,-122.784,37.4178
254030,254030,UT,14:31:52 26-Apr-2024,Argos,B,37.4131,-122.7469,6162,29896,1270,94,NA,NA,NA,NA,NA,NA,-122.7469,37.4131
254030,254030,UT,15:28:08 26-Apr-2024,Argos,1,37.3885,-122.7107,717,1913,268,62,NA,NA,NA,NA,NA,NA,-122.7107,37.3885
254030,254030,UT,16:58:30 26-Apr-2024,Argos,B,37.3865,-122.6753,2751,20236,374,125,NA,NA,NA,NA,NA,NA,-122.6753,37.3865
254030,254030,UT,17:08:00 26-Apr-2024,Argos,0,37.3613,-122.6181,3669,16844,799,116,NA,NA,NA,NA,NA,NA,-122.6181,37.3613
254030,254030,UT,18:15:50 26-Apr-2024,Argos,B,37.3611,-122.5909,5957,83328,425,123,NA,NA,NA,NA,NA,NA,-122.5909,37.3611
254030,254030,UT,18:40:00 26-Apr-2024,Argos,A,37.3286,-122.5451,473,2028,110,78,NA,NA,NA,NA,NA,NA,-122.5451,37.3286
254030,254030,UT,19:20:06 26-Apr-2024,Argos,B,37.3243,-122.5299,625,1847,211,172,NA,NA,NA,NA,NA,NA,-122.5299,37.3243
254030,254030,UT,20:04:55 26-Apr-2024,Argos,B,37.3004,-122.5162,691,6692,71,98,NA,NA,NA,NA,NA,NA,-122.5162,37.3004
254030,254030,UT,20:59:17 26-Apr-2024,Argos,B,37.2894,-122.4974,1133,2581,497,99,NA,NA,NA,NA,NA,NA,-122.4974,37.2894
254030,254030,UT,01:24:30 27-Apr-2024,Argos,1,37.2808,-122.4649,874,1743,437,77,NA,NA,NA,NA,NA,NA,-122.4649,37.2808
254030,254030,UT,04:22:41 27-Apr-2024,Argos,2,37.2969,-122.5008,387,704,212,80,NA,NA,NA,NA,NA,NA,-122.5008,37.2969
254030,254030,UT,04:28:55 27-Apr-2024,Argos,B,37.2974,-122.5001,703,1778,278,84,NA,NA,NA,NA,NA,NA,-122.5001,37.2974
254030,254030,UT,04:30:08 27-Apr-2024,Argos,3,37.2978,-122.5134,145,275,76,58,NA,NA,NA,NA,NA,NA,-122.5134,37.2978
254030,254030,UT,05:23:03 27-Apr-2024,Argos,B,37.2932,-122.5064,1003,1265,795,89,NA,NA,NA,NA,NA,NA,-122.5064,37.2932
254030,254030,UT,06:04:34 27-Apr-2024,Argos,B,37.3051,-122.5218,924,10367,82,49,NA,NA,NA,NA,NA,NA,-122.5218,37.3051
254030,254030,UT,06:11:19 27-Apr-2024,Argos,A,37.3001,-122.487,1367,5423,344,40,NA,NA,NA,NA,NA,NA,-122.487,37.3001
254030,254030,UT,07:19:50 27-Apr-2024,Argos,B,37.3011,-122.4839,5485,6664,4514,75,NA,NA,NA,NA,NA,NA,-122.4839,37.3011
254030,254030,UT,08:04:41 27-Apr-2024,Argos,B,37.3036,-122.4849,2861,28710,285,70,NA,NA,NA,NA,NA,NA,-122.4849,37.3036
254030,254030,UT,12:21:59 27-Apr-2024,Argos,A,37.2515,-122.495,224,462,108,10,NA,NA,NA,NA,NA,NA,-122.495,37.2515
254030,254030,UT,13:14:17 27-Apr-2024,Argos,B,37.2304,-122.4905,698,10740,45,78,NA,NA,NA,NA,NA,NA,-122.4905,37.2304
254030,254030,UT,13:34:42 27-Apr-2024,Argos,B,37.2205,-122.4983,685,9271,50,98,NA,NA,NA,NA,NA,NA,-122.4983,37.2205
254030,254030,UT,14:01:16 27-Apr-2024,Argos,B,37.2154,-122.4975,916,2126,394,91,NA,NA,NA,NA,NA,NA,-122.4975,37.2154
254030,254030,UT,14:59:00 27-Apr-2024,Argos,B,37.2062,-122.4946,1279,2446,668,84,NA,NA,NA,NA,NA,NA,-122.4946,37.2062
254030,254030,UT,16:42:17 27-Apr-2024,Argos,A,37.178,-122.4792,348,2427,49,71,NA,NA,NA,NA,NA,NA,-122.4792,37.178
254030,254030,UT,16:47:12 27-Apr-2024,Argos,A,37.1833,-122.4718,304,580,159,129,NA,NA,NA,NA,NA,NA,-122.4718,37.1833
254030,254030,UT,16:47:12 27-Apr-2024,Argos,2,37.1906,-122.482,321,425,242,19,NA,NA,NA,NA,NA,NA,-122.482,37.1906
254030,254030,UT,18:10:48 27-Apr-2024,Argos,B,37.1804,-122.4762,2785,3645,2127,97,NA,NA,NA,NA,NA,NA,-122.4762,37.1804
254030,254030,UT,18:26:22 27-Apr-2024,Argos,B,37.2184,-122.5046,1746,20033,152,51,NA,NA,NA,NA,NA,NA,-122.5046,37.2184
254030,254030,UT,18:28:59 27-Apr-2024,Argos,B,37.2186,-122.5058,392,1681,91,22,NA,NA,NA,NA,NA,NA,-122.5058,37.2186
254030,254030,UT,20:10:13 27-Apr-2024,Argos,B,37.201,-122.5032,1400,1736,1128,87,NA,NA,NA,NA,NA,NA,-122.5032,37.201
254030,254030,UT,20:12:44 27-Apr-2024,Argos,A,37.2237,-122.5141,149,241,92,39,NA,NA,NA,NA,NA,NA,-122.5141,37.2237
254030,254030,UT,02:14:20 28-Apr-2024,Argos,A,37.2594,-122.5588,183,578,58,78,NA,NA,NA,NA,NA,NA,-122.5588,37.2594
254030,254030,UT,02:16:28 28-Apr-2024,Argos,B,37.2575,-122.5588,232,2711,19,94,NA,NA,NA,NA,NA,NA,-122.5588,37.2575
254030,254030,UT,02:18:20 28-Apr-2024,Argos,B,37.2592,-122.5575,344,583,203,82,NA,NA,NA,NA,NA,NA,-122.5575,37.2592
254030,254030,UT,02:29:15 28-Apr-2024,Argos,B,37.2304,-122.5239,2072,4452,964,64,NA,NA,NA,NA,NA,NA,-122.5239,37.2304
254030,254030,UT,04:01:15 28-Apr-2024,Argos,B,37.232,-122.5174,2412,4188,1389,68,NA,NA,NA,NA,NA,NA,-122.5174,37.232
254030,254030,UT,04:13:18 28-Apr-2024,Argos,B,37.2363,-122.5314,2129,4046,1120,48,NA,NA,NA,NA,NA,NA,-122.5314,37.2363
254030,254030,UT,04:13:18 28-Apr-2024,Argos,B,37.2517,-122.5248,1858,3629,950,58,NA,NA,NA,NA,NA,NA,-122.5248,37.2517
254030,254030,UT,05:31:18 28-Apr-2024,Argos,B,37.2633,-122.5121,1830,3123,1072,82,NA,NA,NA,NA,NA,NA,-122.5121,37.2633
254030,254030,UT,07:24:44 28-Apr-2024,Argos,B,37.2712,-122.4936,2205,3131,1553,91,NA,NA,NA,NA,NA,NA,-122.4936,37.2712
254030,254030,UT,13:29:18 28-Apr-2024,Argos,B,37.2529,-122.4777,1961,60560,63,60,NA,NA,NA,NA,NA,NA,-122.4777,37.2529
254030,254030,UT,14:24:06 28-Apr-2024,Argos,B,37.2526,-122.4697,2010,6183,653,56,NA,NA,NA,NA,NA,NA,-122.4697,37.2526
254030,254030,UT,14:35:21 28-Apr-2024,Argos,B,37.2186,-122.5109,646,6431,64,144,NA,NA,NA,NA,NA,NA,-122.5109,37.2186
254030,254030,UT,15:09:07 28-Apr-2024,Argos,B,37.2153,-122.5034,942,1279,693,122,NA,NA,NA,NA,NA,NA,-122.5034,37.2153
254030,254030,UT,16:13:22 28-Apr-2024,Argos,A,37.2061,-122.5556,900,11548,70,101,NA,NA,NA,NA,NA,NA,-122.5556,37.2061
254030,254030,UT,18:04:23 28-Apr-2024,Argos,B,37.2714,-122.5633,2484,9269,665,92,NA,NA,NA,NA,NA,NA,-122.5633,37.2714
254030,254030,UT,18:15:50 28-Apr-2024,Argos,B,37.2691,-122.5684,2091,5979,731,97,NA,NA,NA,NA,NA,NA,-122.5684,37.2691
254030,254030,UT,18:59:14 28-Apr-2024,Argos,B,37.2754,-122.5693,2982,5364,1657,95,NA,NA,NA,NA,NA,NA,-122.5693,37.2754
254030,254030,UT,21:04:03 28-Apr-2024,Argos,2,37.2661,-122.4845,419,751,233,100,NA,NA,NA,NA,NA,NA,-122.4845,37.2661
254030,254030,UT,00:04:45 29-Apr-2024,Argos,1,37.222,-122.608,946,3527,253,46,NA,NA,NA,NA,NA,NA,-122.608,37.222
254030,254030,UT,03:24:07 29-Apr-2024,Argos,1,37.2471,-122.5879,564,682,466,60,NA,NA,NA,NA,NA,NA,-122.5879,37.2471
254030,254030,UT,03:24:56 29-Apr-2024,Argos,B,37.2471,-122.588,724,873,600,79,NA,NA,NA,NA,NA,NA,-122.588,37.2471
254030,254030,UT,03:58:12 29-Apr-2024,Argos,B,37.2468,-122.5893,3089,4051,2356,90,NA,NA,NA,NA,NA,NA,-122.5893,37.2468
254030,254030,UT,05:25:15 29-Apr-2024,Argos,A,37.2427,-122.605,1307,45213,37,89,NA,NA,NA,NA,NA,NA,-122.605,37.2427
254030,254030,UT,07:06:28 29-Apr-2024,Argos,B,37.2427,-122.6123,2405,3991,1449,90,NA,NA,NA,NA,NA,NA,-122.6123,37.2427
254030,254030,UT,13:54:29 29-Apr-2024,Argos,B,37.3365,-122.517,2278,22376,231,125,NA,NA,NA,NA,NA,NA,-122.517,37.3365
254030,254030,UT,13:58:27 29-Apr-2024,Argos,B,37.3352,-122.5137,2361,17986,310,125,NA,NA,NA,NA,NA,NA,-122.5137,37.3352
254030,254030,UT,16:24:27 29-Apr-2024,Argos,0,37.2218,-122.5613,2790,17656,441,79,NA,NA,NA,NA,NA,NA,-122.5613,37.2218
254030,254030,UT,20:20:32 29-Apr-2024,Argos,B,37.0743,-122.5842,6319,16954,2354,91,NA,NA,NA,NA,NA,NA,-122.5842,37.0743
254030,254030,UT,21:00:13 29-Apr-2024,Argos,B,37.0642,-122.5631,6196,15900,2414,82,NA,NA,NA,NA,NA,NA,-122.5631,37.0642
254030,254030,UT,23:25:36 29-Apr-2024,Argos,A,37.0132,-122.3278,533,782,363,144,NA,NA,NA,NA,NA,NA,-122.3278,37.0132
254030,254030,UT,01:10:42 30-Apr-2024,Argos,A,37.0065,-122.4013,579,1796,186,44,NA,NA,NA,NA,NA,NA,-122.4013,37.0065
254030,254030,UT,02:51:51 30-Apr-2024,Argos,A,36.9556,-122.4359,186,621,55,107,NA,NA,NA,NA,NA,NA,-122.4359,36.9556
254030,254030,UT,03:04:25 30-Apr-2024,Argos,B,36.9497,-122.4372,493,670,362,100,NA,NA,NA,NA,NA,NA,-122.4372,36.9497
254030,254030,UT,03:06:27 30-Apr-2024,Argos,A,36.9512,-122.4379,1316,7325,236,78,NA,NA,NA,NA,NA,NA,-122.4379,36.9512
254030,254030,UT,03:25:45 30-Apr-2024,Argos,B,36.9401,-122.453,1878,6807,518,139,NA,NA,NA,NA,NA,NA,-122.453,36.9401
254030,254030,UT,04:30:59 30-Apr-2024,Argos,B,36.9143,-122.4559,3947,5248,2968,110,NA,NA,NA,NA,NA,NA,-122.4559,36.9143
254030,254030,UT,05:10:17 30-Apr-2024,Argos,B,36.9049,-122.4557,1507,1774,1279,94,NA,NA,NA,NA,NA,NA,-122.4557,36.9049
254030,254030,UT,05:29:57 30-Apr-2024,Argos,B,36.8769,-122.4997,1223,19510,76,143,NA,NA,NA,NA,NA,NA,-122.4997,36.8769
254030,254030,UT,05:55:15 30-Apr-2024,Argos,B,36.882,-122.5038,1325,3099,566,139,NA,NA,NA,NA,NA,NA,-122.5038,36.882
254030,254030,UT,06:48:03 30-Apr-2024,Argos,B,36.8683,-122.5476,1244,12196,126,165,NA,NA,NA,NA,NA,NA,-122.5476,36.8683
254030,254030,UT,06:51:19 30-Apr-2024,Argos,B,36.8673,-122.5484,1363,6837,271,165,NA,NA,NA,NA,NA,NA,-122.5484,36.8673
254030,254030,UT,07:31:29 30-Apr-2024,Argos,B,36.8546,-122.5591,1642,2909,927,164,NA,NA,NA,NA,NA,NA,-122.5591,36.8546
254030,254030,UT,13:37:43 30-Apr-2024,Argos,B,36.8677,-122.5531,2303,5295,1001,100,NA,NA,NA,NA,NA,NA,-122.5531,36.8677
254030,254030,UT,14:04:15 30-Apr-2024,Argos,A,36.8873,-122.5673,126,441,36,92,NA,NA,NA,NA,NA,NA,-122.5673,36.8873
254030,254030,UT,15:20:47 30-Apr-2024,Argos,A,36.893,-122.7087,3584,22639,567,79,NA,NA,NA,NA,NA,NA,-122.7087,36.893
254030,254030,UT,16:13:18 30-Apr-2024,Argos,B,36.8941,-122.7081,16465,21975,12335,90,NA,NA,NA,NA,NA,NA,-122.7081,36.8941
254030,254030,UT,17:24:52 30-Apr-2024,Argos,B,36.889,-122.7011,17200,22225,13311,81,NA,NA,NA,NA,NA,NA,-122.7011,36.889
254030,254030,UT,17:49:09 30-Apr-2024,Argos,B,36.8864,-122.6946,15123,19244,11884,77,NA,NA,NA,NA,NA,NA,-122.6946,36.8864
254030,254030,UT,18:17:45 30-Apr-2024,Argos,B,36.8884,-122.6957,1721,2234,1325,77,NA,NA,NA,NA,NA,NA,-122.6957,36.8884
254030,254030,UT,00:39:07 01-May-2024,Argos,B,36.8933,-122.686,2936,4387,1964,81,NA,NA,NA,NA,NA,NA,-122.686,36.8933
254030,254030,UT,02:03:34 01-May-2024,Argos,B,36.927,-122.6796,2622,7688,894,92,NA,NA,NA,NA,NA,NA,-122.6796,36.927
254030,254030,UT,02:16:17 01-May-2024,Argos,B,36.934,-122.6761,2585,8644,772,94,NA,NA,NA,NA,NA,NA,-122.6761,36.934
254030,254030,UT,02:41:36 01-May-2024,Argos,B,36.9454,-122.5546,1193,15617,91,101,NA,NA,NA,NA,NA,NA,-122.5546,36.9454
254030,254030,UT,02:42:17 01-May-2024,Argos,A,36.9337,-122.5449,140,1016,19,103,NA,NA,NA,NA,NA,NA,-122.5449,36.9337
254030,254030,UT,03:06:21 01-May-2024,Argos,B,36.9324,-122.5454,788,1043,595,91,NA,NA,NA,NA,NA,NA,-122.5454,36.9324
254030,254030,UT,04:01:03 01-May-2024,Argos,B,36.9277,-122.5416,1174,1641,839,90,NA,NA,NA,NA,NA,NA,-122.5416,36.9277
254030,254030,UT,04:57:55 01-May-2024,Argos,B,36.9324,-122.5436,1475,2179,997,76,NA,NA,NA,NA,NA,NA,-122.5436,36.9324
254030,254030,UT,05:21:19 01-May-2024,Argos,B,36.8994,-122.6322,1525,4625,503,102,NA,NA,NA,NA,NA,NA,-122.6322,36.8994
254030,254030,UT,05:38:47 01-May-2024,Argos,B,36.8928,-122.573,3099,6128,1566,102,NA,NA,NA,NA,NA,NA,-122.573,36.8928
254030,254030,UT,06:29:04 01-May-2024,Argos,B,36.8993,-122.5716,1573,2790,887,98,NA,NA,NA,NA,NA,NA,-122.5716,36.8993
254030,254030,UT,06:38:11 01-May-2024,Argos,A,36.9555,-122.5201,418,3136,55,93,NA,NA,NA,NA,NA,NA,-122.5201,36.9555
254030,254030,UT,06:42:25 01-May-2024,Argos,B,36.9492,-122.5945,1290,9497,175,85,NA,NA,NA,NA,NA,NA,-122.5945,36.9492
254030,254030,UT,08:23:13 01-May-2024,Argos,B,36.951,-122.5696,1158,24448,54,59,NA,NA,NA,NA,NA,NA,-122.5696,36.951
254030,254030,UT,12:34:28 01-May-2024,Argos,B,36.9476,-122.5694,2034,2980,1387,101,NA,NA,NA,NA,NA,NA,-122.5694,36.9476
254030,254030,UT,13:38:13 01-May-2024,Argos,B,36.9147,-122.5874,2245,3820,1318,97,NA,NA,NA,NA,NA,NA,-122.5874,36.9147
254030,254030,UT,14:13:17 01-May-2024,Argos,B,36.8987,-122.5791,2135,4240,1074,85,NA,NA,NA,NA,NA,NA,-122.5791,36.8987
254030,254030,UT,14:53:18 01-May-2024,Argos,B,36.8899,-122.5788,2267,4112,1249,86,NA,NA,NA,NA,NA,NA,-122.5788,36.8899
254030,254030,UT,16:34:16 01-May-2024,Argos,1,36.8942,-122.5758,849,1495,481,94,NA,NA,NA,NA,NA,NA,-122.5758,36.8942
254030,254030,UT,17:07:20 01-May-2024,Argos,A,36.9424,-122.5313,3102,16187,594,82,NA,NA,NA,NA,NA,NA,-122.5313,36.9424
254030,254030,UT,17:39:04 01-May-2024,Argos,B,36.9476,-122.524,3771,22898,620,65,NA,NA,NA,NA,NA,NA,-122.524,36.9476
254030,254030,UT,17:54:40 01-May-2024,Argos,B,36.9477,-122.5144,730,2911,182,59,NA,NA,NA,NA,NA,NA,-122.5144,36.9477
254030,254030,UT,18:42:55 01-May-2024,Argos,A,36.9313,-122.5268,295,777,111,40,NA,NA,NA,NA,NA,NA,-122.5268,36.9313
254030,254030,UT,18:48:58 01-May-2024,Argos,B,36.9327,-122.5283,720,815,635,95,NA,NA,NA,NA,NA,NA,-122.5283,36.9327
254030,254030,UT,19:00:04 01-May-2024,Argos,B,36.893,-122.5383,461,6014,35,99,NA,NA,NA,NA,NA,NA,-122.5383,36.893
254030,254030,UT,20:31:28 01-May-2024,Argos,B,36.9019,-122.5218,1370,1915,979,95,NA,NA,NA,NA,NA,NA,-122.5218,36.9019
254030,254030,UT,01:20:32 02-May-2024,Argos,1,36.8603,-122.5541,1438,2655,779,95,NA,NA,NA,NA,NA,NA,-122.5541,36.8603
254030,254030,UT,01:49:10 02-May-2024,Argos,A,36.888,-122.6369,1043,1102,986,135,NA,NA,NA,NA,NA,NA,-122.6369,36.888
254030,254030,UT,02:19:59 02-May-2024,Argos,B,36.8918,-122.6301,1713,2122,1382,95,NA,NA,NA,NA,NA,NA,-122.6301,36.8918
254030,254030,UT,03:29:54 02-May-2024,Argos,B,36.8856,-122.6176,2110,2874,1549,85,NA,NA,NA,NA,NA,NA,-122.6176,36.8856
254030,254030,UT,03:58:59 02-May-2024,Argos,B,36.8681,-122.6318,1878,3074,1146,92,NA,NA,NA,NA,NA,NA,-122.6318,36.8681
254030,254030,UT,04:25:46 02-May-2024,Argos,A,36.8177,-122.6597,155,353,68,47,NA,NA,NA,NA,NA,NA,-122.6597,36.8177
254030,254030,UT,05:06:08 02-May-2024,Argos,1,36.8164,-122.7326,1385,5008,383,74,NA,NA,NA,NA,NA,NA,-122.7326,36.8164
254030,254030,UT,05:58:58 02-May-2024,Argos,B,36.8133,-122.7532,5727,7509,4367,84,NA,NA,NA,NA,NA,NA,-122.7532,36.8133
254030,254030,UT,06:05:26 02-May-2024,Argos,A,36.8076,-122.7114,190,507,71,113,NA,NA,NA,NA,NA,NA,-122.7114,36.8076
254030,254030,UT,06:22:24 02-May-2024,Argos,0,36.7878,-122.7066,4060,49534,332,78,NA,NA,NA,NA,NA,NA,-122.7066,36.7878
254030,254030,UT,07:37:28 02-May-2024,Argos,B,36.7721,-122.7296,8935,16081,4964,76,NA,NA,NA,NA,NA,NA,-122.7296,36.7721
254030,254030,UT,13:03:55 02-May-2024,Argos,B,36.7598,-122.7072,17604,44064,7033,76,NA,NA,NA,NA,NA,NA,-122.7072,36.7598
254030,254030,UT,14:24:30 02-May-2024,Argos,0,36.7659,-122.7405,1675,3136,894,78,NA,NA,NA,NA,NA,NA,-122.7405,36.7659
254030,254030,UT,14:39:20 02-May-2024,Argos,0,36.775,-122.6678,2080,7109,608,113,NA,NA,NA,NA,NA,NA,-122.6678,36.775
254030,254030,UT,15:06:36 02-May-2024,Argos,B,36.8375,-122.6816,3479,16493,733,86,NA,NA,NA,NA,NA,NA,-122.6816,36.8375
254030,254030,UT,16:10:39 02-May-2024,Argos,B,36.8427,-122.6919,6467,10929,3826,96,NA,NA,NA,NA,NA,NA,-122.6919,36.8427
254030,254030,UT,16:42:43 02-May-2024,Argos,B,36.8363,-122.7449,3027,23145,395,154,NA,NA,NA,NA,NA,NA,-122.7449,36.8363
254030,254030,UT,17:21:32 02-May-2024,Argos,B,36.7803,-122.7419,3042,5020,1843,148,NA,NA,NA,NA,NA,NA,-122.7419,36.7803
254030,254030,UT,17:37:28 02-May-2024,Argos,B,36.7796,-122.7511,3458,4812,2484,135,NA,NA,NA,NA,NA,NA,-122.7511,36.7796
254030,254030,UT,18:42:40 02-May-2024,Argos,B,36.7718,-122.7691,3271,3875,2760,121,NA,NA,NA,NA,NA,NA,-122.7691,36.7718
254030,254030,UT,19:04:06 02-May-2024,Argos,A,36.8686,-122.6642,2501,20032,312,53,NA,NA,NA,NA,NA,NA,-122.6642,36.8686
254030,254030,UT,21:24:06 02-May-2024,Argos,B,36.8571,-122.7416,3220,76624,135,108,NA,NA,NA,NA,NA,NA,-122.7416,36.8571
254030,254030,UT,01:16:47 03-May-2024,Argos,B,36.8725,-122.8642,6203,15699,2450,101,NA,NA,NA,NA,NA,NA,-122.8642,36.8725
254030,254030,UT,01:45:57 03-May-2024,Argos,B,36.883,-122.7855,2943,30381,285,78,NA,NA,NA,NA,NA,NA,-122.7855,36.883
254030,254030,UT,02:18:31 03-May-2024,Argos,B,36.8825,-122.8044,2845,15356,527,77,NA,NA,NA,NA,NA,NA,-122.8044,36.8825
254030,254030,UT,02:59:52 03-May-2024,Argos,B,36.8795,-122.8169,3001,13426,670,77,NA,NA,NA,NA,NA,NA,-122.8169,36.8795
254030,254030,UT,03:27:03 03-May-2024,Argos,B,36.8656,-122.8033,1323,30560,57,60,NA,NA,NA,NA,NA,NA,-122.8033,36.8656
254030,254030,UT,03:30:18 03-May-2024,Argos,B,36.8713,-122.8118,1499,46732,48,53,NA,NA,NA,NA,NA,NA,-122.8118,36.8713
254030,254030,UT,04:53:31 03-May-2024,Argos,B,36.8507,-122.8253,1356,25943,70,75,NA,NA,NA,NA,NA,NA,-122.8253,36.8507
254030,254030,UT,05:46:26 03-May-2024,Argos,B,36.8606,-122.8659,1849,4290,796,72,NA,NA,NA,NA,NA,NA,-122.8659,36.8606
254030,254030,UT,12:31:01 03-May-2024,Argos,B,36.8068,-122.8432,2374,31228,180,42,NA,NA,NA,NA,NA,NA,-122.8432,36.8068
254030,254030,UT,23:57:23 03-May-2024,Argos,B,36.9381,-122.7937,4563,8123,2563,57,NA,NA,NA,NA,NA,NA,-122.7937,36.9381
254030,254030,UT,01:42:43 04-May-2024,Argos,B,36.9685,-122.9894,10892,41466,2860,78,NA,NA,NA,NA,NA,NA,-122.9894,36.9685
254030,254030,UT,02:31:52 04-May-2024,Argos,B,36.9922,-122.9368,5205,10106,2681,92,NA,NA,NA,NA,NA,NA,-122.9368,36.9922
254030,254030,UT,03:05:25 04-May-2024,Argos,B,36.9717,-122.9005,7508,22139,2545,80,NA,NA,NA,NA,NA,NA,-122.9005,36.9717
254030,254030,UT,07:40:37 04-May-2024,Argos,B,36.9944,-122.7623,6199,11726,3277,94,NA,NA,NA,NA,NA,NA,-122.7623,36.9944
254030,254030,UT,07:43:15 04-May-2024,Argos,A,37.0144,-122.9368,617,11408,33,78,NA,NA,NA,NA,NA,NA,-122.9368,37.0144
254030,254030,UT,13:39:02 04-May-2024,Argos,B,37.0339,-122.8459,2653,6410,1098,60,NA,NA,NA,NA,NA,NA,-122.8459,37.0339
254030,254030,UT,13:42:48 04-May-2024,Argos,B,37.0221,-122.8931,1812,84151,39,76,NA,NA,NA,NA,NA,NA,-122.8931,37.0221
254030,254030,UT,13:48:03 04-May-2024,Argos,1,37.0087,-122.9282,1201,19623,73,98,NA,NA,NA,NA,NA,NA,-122.9282,37.0087
254030,254030,UT,15:20:49 04-May-2024,Argos,B,37.0116,-122.902,1750,3495,875,98,NA,NA,NA,NA,NA,NA,-122.902,37.0116
254030,254030,UT,18:19:35 04-May-2024,Argos,B,36.9959,-122.8009,1533,28121,83,35,NA,NA,NA,NA,NA,NA,-122.8009,36.9959
254030,254030,UT,18:34:12 04-May-2024,Argos,B,37.0045,-122.8417,2886,6321,1317,85,NA,NA,NA,NA,NA,NA,-122.8417,37.0045
254030,254030,UT,19:24:26 04-May-2024,Argos,B,37.0065,-122.8229,2575,4137,1603,87,NA,NA,NA,NA,NA,NA,-122.8229,37.0065
254030,254030,UT,19:47:58 04-May-2024,Argos,B,36.9941,-122.8174,1871,82958,42,110,NA,NA,NA,NA,NA,NA,-122.8174,36.9941
254030,254030,UT,21:32:06 04-May-2024,Argos,B,36.9973,-122.7744,2274,5832,886,107,NA,NA,NA,NA,NA,NA,-122.7744,36.9973
254030,254030,UT,01:00:32 05-May-2024,Argos,B,36.9491,-122.6608,2520,43328,146,79,NA,NA,NA,NA,NA,NA,-122.6608,36.9491
254030,254030,UT,03:30:17 05-May-2024,Argos,A,36.905,-122.8023,560,2233,140,72,NA,NA,NA,NA,NA,NA,-122.8023,36.905
254030,254030,UT,04:14:52 05-May-2024,Argos,B,36.9015,-122.7987,2654,3646,1931,86,NA,NA,NA,NA,NA,NA,-122.7987,36.9015
254030,254030,UT,04:17:53 05-May-2024,Argos,2,36.9235,-122.8151,344,513,230,89,NA,NA,NA,NA,NA,NA,-122.8151,36.9235
254030,254030,UT,04:28:29 05-May-2024,Argos,A,36.9241,-122.834,118,317,43,81,NA,NA,NA,NA,NA,NA,-122.834,36.9241
254030,254030,UT,05:05:59 05-May-2024,Argos,0,36.9187,-122.8698,1656,11045,248,67,NA,NA,NA,NA,NA,NA,-122.8698,36.9187
254030,254030,UT,05:40:27 05-May-2024,Argos,B,36.916,-122.8742,3527,5175,2402,77,NA,NA,NA,NA,NA,NA,-122.8742,36.916
254030,254030,UT,06:04:47 05-May-2024,Argos,1,36.93,-122.8658,651,3825,110,91,NA,NA,NA,NA,NA,NA,-122.8658,36.93
254030,254030,UT,06:58:22 05-May-2024,Argos,B,36.9141,-122.8798,828,15437,44,94,NA,NA,NA,NA,NA,NA,-122.8798,36.9141
254030,254030,UT,07:27:55 05-May-2024,Argos,A,36.9027,-122.8434,217,529,88,136,NA,NA,NA,NA,NA,NA,-122.8434,36.9027
254030,254030,UT,08:34:17 05-May-2024,Argos,B,36.8704,-122.8501,802,5068,126,78,NA,NA,NA,NA,NA,NA,-122.8501,36.8704
254030,254030,UT,13:13:55 05-May-2024,Argos,B,36.8923,-122.8939,1997,5596,712,86,NA,NA,NA,NA,NA,NA,-122.8939,36.8923
254030,254030,UT,13:13:55 05-May-2024,Argos,B,36.9274,-122.8231,2473,10579,578,83,NA,NA,NA,NA,NA,NA,-122.8231,36.9274
254030,254030,UT,14:41:49 05-May-2024,Argos,B,36.9598,-122.7382,1863,38557,90,103,NA,NA,NA,NA,NA,NA,-122.7382,36.9598
254030,254030,UT,14:44:01 05-May-2024,Argos,B,36.96,-122.7411,1906,23070,157,102,NA,NA,NA,NA,NA,NA,-122.7411,36.96
254030,254030,UT,16:34:25 05-May-2024,Argos,A,36.9777,-122.7342,125,346,45,90,NA,NA,NA,NA,NA,NA,-122.7342,36.9777
254030,254030,UT,16:48:43 05-May-2024,Argos,B,36.974,-122.7527,380,1145,126,160,NA,NA,NA,NA,NA,NA,-122.7527,36.974
254030,254030,UT,17:23:09 05-May-2024,Argos,B,36.9761,-122.7481,849,1021,705,100,NA,NA,NA,NA,NA,NA,-122.7481,36.9761
254030,254030,UT,18:10:21 05-May-2024,Argos,B,36.9775,-122.7446,1544,1922,1240,95,NA,NA,NA,NA,NA,NA,-122.7446,36.9775
254030,254030,UT,18:10:21 05-May-2024,Argos,B,36.9941,-122.7321,918,16635,50,118,NA,NA,NA,NA,NA,NA,-122.7321,36.9941
254030,254030,UT,18:31:01 05-May-2024,Argos,A,36.9725,-122.7471,133,154,114,168,NA,NA,NA,NA,NA,NA,-122.7471,36.9725
254030,254030,UT,19:01:52 05-May-2024,Argos,1,36.9519,-122.7559,658,1461,296,53,NA,NA,NA,NA,NA,NA,-122.7559,36.9519
254030,254030,UT,19:05:31 05-May-2024,Argos,0,36.927,-122.7467,2434,4776,1240,32,NA,NA,NA,NA,NA,NA,-122.7467,36.927
254030,254030,UT,19:48:41 05-May-2024,Argos,A,36.9545,-122.7422,840,1412,499,137,NA,NA,NA,NA,NA,NA,-122.7422,36.9545
254030,254030,UT,01:51:16 06-May-2024,Argos,B,36.9841,-122.7379,3948,4835,3223,75,NA,NA,NA,NA,NA,NA,-122.7379,36.9841
254030,254030,UT,05:29:40 06-May-2024,Argos,B,36.975,-122.7388,1903,48387,74,67,NA,NA,NA,NA,NA,NA,-122.7388,36.975
254030,254030,UT,05:55:11 06-May-2024,Argos,B,36.975,-122.742,2041,9887,421,67,NA,NA,NA,NA,NA,NA,-122.742,36.975
254030,254030,UT,06:22:06 06-May-2024,Argos,3,36.9193,-122.8696,126,178,89,98,NA,NA,NA,NA,NA,NA,-122.8696,36.9193
254030,254030,UT,07:12:32 06-May-2024,Argos,B,36.9187,-122.8675,939,1254,702,82,NA,NA,NA,NA,NA,NA,-122.8675,36.9187
254030,254030,UT,07:49:01 06-May-2024,Argos,B,36.9185,-122.8669,1254,1620,969,84,NA,NA,NA,NA,NA,NA,-122.8669,36.9185
254030,254030,UT,12:25:26 06-May-2024,Argos,B,36.9443,-122.8079,1463,17965,119,170,NA,NA,NA,NA,NA,NA,-122.8079,36.9443
254030,254030,UT,12:32:21 06-May-2024,Argos,A,36.9018,-122.7849,249,910,68,39,NA,NA,NA,NA,NA,NA,-122.7849,36.9018
254030,254030,UT,14:01:45 06-May-2024,Argos,B,36.8734,-122.7529,920,9892,85,56,NA,NA,NA,NA,NA,NA,-122.7529,36.8734
254030,254030,UT,14:14:27 06-May-2024,Argos,B,36.8698,-122.7538,1058,3242,345,59,NA,NA,NA,NA,NA,NA,-122.7538,36.8698
254030,254030,UT,14:23:04 06-May-2024,Argos,B,36.752,-122.6909,NA,NA,NA,NA,NA,NA,NA,NA,NA,NA,-122.6909,36.752
254030,254030,UT,14:27:38 06-May-2024,Argos,B,36.8688,-122.7527,1149,2774,475,63,NA,NA,NA,NA,NA,NA,-122.7527,36.8688
254030,254030,UT,16:10:13 06-May-2024,Argos,0,36.8199,-122.7307,1502,5258,429,87,NA,NA,NA,NA,NA,NA,-122.7307,36.8199
254030,254030,UT,16:42:04 06-May-2024,Argos,B,36.8115,-122.7225,3688,5795,2346,92,NA,NA,NA,NA,NA,NA,-122.7225,36.8115
254030,254030,UT,17:03:01 06-May-2024,Argos,A,36.8201,-122.8165,1675,11097,252,72,NA,NA,NA,NA,NA,NA,-122.8165,36.8201
254030,254030,UT,18:00:13 06-May-2024,Argos,B,36.8064,-122.8055,4876,6672,3563,86,NA,NA,NA,NA,NA,NA,-122.8055,36.8064
254030,254030,UT,18:13:26 06-May-2024,Argos,0,36.7676,-122.8524,3514,7294,1692,108,NA,NA,NA,NA,NA,NA,-122.8524,36.7676
254030,254030,UT,19:33:19 06-May-2024,Argos,B,36.7486,-122.8374,50855,63413,40783,91,NA,NA,NA,NA,NA,NA,-122.8374,36.7486
254030,254030,UT,20:00:39 06-May-2024,Argos,2,36.7524,-122.8406,459,4000,52,98,NA,NA,NA,NA,NA,NA,-122.8406,36.7524
254030,254030,UT,23:35:51 06-May-2024,Argos,B,36.7512,-122.8941,1224,3083,485,13,NA,NA,NA,NA,NA,NA,-122.8941,36.7512
254030,254030,UT,01:12:40 07-May-2024,Argos,A,36.7474,-122.784,190,855,42,94,NA,NA,NA,NA,NA,NA,-122.784,36.7474
254030,254030,UT,02:30:53 07-May-2024,Argos,A,36.7485,-122.7794,4048,148953,110,101,NA,NA,NA,NA,NA,NA,-122.7794,36.7485
254030,254030,UT,03:24:12 07-May-2024,Argos,B,36.7525,-122.7768,5797,28549,1177,74,NA,NA,NA,NA,NA,NA,-122.7768,36.7525
254030,254030,UT,03:26:57 07-May-2024,Argos,B,36.7617,-122.736,340,1492,77,15,NA,NA,NA,NA,NA,NA,-122.736,36.7617
254030,254030,UT,03:58:38 07-May-2024,Argos,3,36.7377,-122.7563,164,277,97,78,NA,NA,NA,NA,NA,NA,-122.7563,36.7377
254030,254030,UT,04:23:25 07-May-2024,Argos,3,36.7334,-122.7435,196,328,117,75,NA,NA,NA,NA,NA,NA,-122.7435,36.7334
254030,254030,UT,05:18:05 07-May-2024,Argos,B,36.7249,-122.7235,2426,3159,1863,91,NA,NA,NA,NA,NA,NA,-122.7235,36.7249
254030,254030,UT,06:05:17 07-May-2024,Argos,3,36.7263,-122.6939,237,1137,49,72,NA,NA,NA,NA,NA,NA,-122.6939,36.7263
254030,254030,UT,07:05:18 07-May-2024,Argos,B,36.7263,-122.655,5584,7148,4362,90,NA,NA,NA,NA,NA,NA,-122.655,36.7263
254030,254030,UT,07:08:19 07-May-2024,Argos,A,36.7345,-122.6695,257,1655,39,103,NA,NA,NA,NA,NA,NA,-122.6695,36.7345
254030,254030,UT,08:46:03 07-May-2024,Argos,0,36.7625,-122.6754,1927,9037,411,69,NA,NA,NA,NA,NA,NA,-122.6754,36.7625
254030,254030,UT,13:23:38 07-May-2024,Argos,B,36.7808,-122.6683,7925,123644,508,159,NA,NA,NA,NA,NA,NA,-122.6683,36.7808
254030,254030,UT,14:00:31 07-May-2024,Argos,A,36.7723,-122.6674,130,696,24,70,NA,NA,NA,NA,NA,NA,-122.6674,36.7723
254030,254030,UT,18:03:29 07-May-2024,Argos,B,36.7388,-122.6325,1502,26999,83,112,NA,NA,NA,NA,NA,NA,-122.6325,36.7388
254030,254030,UT,18:19:37 07-May-2024,Argos,2,36.7316,-122.5824,434,978,192,96,NA,NA,NA,NA,NA,NA,-122.5824,36.7316
254030,254030,UT,19:13:17 07-May-2024,Argos,B,36.7449,-122.6096,1960,5106,752,35,NA,NA,NA,NA,NA,NA,-122.6096,36.7449
254030,254030,UT,19:25:53 07-May-2024,Argos,A,36.7779,-122.6069,1685,17092,166,105,NA,NA,NA,NA,NA,NA,-122.6069,36.7779
254030,254030,UT,20:04:17 07-May-2024,Argos,B,36.7844,-122.6086,5877,10198,3387,102,NA,NA,NA,NA,NA,NA,-122.6086,36.7844
254030,254030,UT,01:23:25 08-May-2024,Argos,B,36.7572,-122.5752,10040,14347,7025,69,NA,NA,NA,NA,NA,NA,-122.5752,36.7572
254030,254030,UT,02:14:13 08-May-2024,Argos,B,36.7702,-122.5743,8754,9077,8442,146,NA,NA,NA,NA,NA,NA,-122.5743,36.7702
254030,254030,UT,03:01:00 08-May-2024,Argos,B,36.7683,-122.576,2086,4153,1048,118,NA,NA,NA,NA,NA,NA,-122.576,36.7683
254030,254030,UT,04:01:00 08-May-2024,Argos,B,36.7493,-122.5208,1375,9273,203,43,NA,NA,NA,NA,NA,NA,-122.5208,36.7493
254030,254030,UT,04:39:38 08-May-2024,Argos,B,36.7468,-122.5107,1783,3335,953,48,NA,NA,NA,NA,NA,NA,-122.5107,36.7468
254030,254030,UT,05:09:38 08-May-2024,Argos,B,36.7448,-122.5054,2039,3221,1290,50,NA,NA,NA,NA,NA,NA,-122.5054,36.7448
254030,254030,UT,08:04:08 08-May-2024,Argos,B,36.7343,-122.4681,2332,2989,1818,66,NA,NA,NA,NA,NA,NA,-122.4681,36.7343
254030,254030,UT,13:11:30 08-May-2024,Argos,B,36.7252,-122.4137,3404,6609,1753,97,NA,NA,NA,NA,NA,NA,-122.4137,36.7252
254030,254030,UT,13:37:19 08-May-2024,Argos,B,36.7914,-122.5378,1510,40591,56,97,NA,NA,NA,NA,NA,NA,-122.5378,36.7914
254030,254030,UT,14:21:22 08-May-2024,Argos,B,36.7917,-122.5418,1081,9068,128,48,NA,NA,NA,NA,NA,NA,-122.5418,36.7917
254030,254030,UT,15:16:59 08-May-2024,Argos,0,36.7751,-122.6045,2362,8483,657,112,NA,NA,NA,NA,NA,NA,-122.6045,36.7751
254030,254030,UT,16:14:26 08-May-2024,Argos,B,36.7621,-122.6134,1630,3757,707,31,NA,NA,NA,NA,NA,NA,-122.6134,36.7621
254030,254030,UT,17:28:54 08-May-2024,Argos,B,36.6953,-122.6671,6060,8036,4570,103,NA,NA,NA,NA,NA,NA,-122.6671,36.6953
254030,254030,UT,18:00:27 08-May-2024,Argos,B,36.695,-122.6725,5033,6906,3667,102,NA,NA,NA,NA,NA,NA,-122.6725,36.695
254030,254030,UT,18:00:27 08-May-2024,Argos,B,36.7763,-122.6599,4390,57312,336,101,NA,NA,NA,NA,NA,NA,-122.6599,36.7763
254030,254030,UT,19:09:14 08-May-2024,Argos,B,36.8051,-122.6718,2657,5214,1354,99,NA,NA,NA,NA,NA,NA,-122.6718,36.8051
254030,254030,UT,20:05:07 08-May-2024,Argos,B,36.8296,-122.6587,1435,27614,74,141,NA,NA,NA,NA,NA,NA,-122.6587,36.8296
254030,254030,UT,03:04:41 09-May-2024,Argos,A,36.7307,-122.655,1147,18968,69,95,NA,NA,NA,NA,NA,NA,-122.655,36.7307
254030,254030,UT,04:12:00 09-May-2024,Argos,B,36.7508,-122.6608,2713,4848,1518,92,NA,NA,NA,NA,NA,NA,-122.6608,36.7508
254030,254030,UT,04:30:12 09-May-2024,Argos,B,36.7505,-122.657,2746,4979,1513,84,NA,NA,NA,NA,NA,NA,-122.657,36.7505
254030,254030,UT,05:21:44 09-May-2024,Argos,B,36.7185,-122.6336,1547,54623,43,74,NA,NA,NA,NA,NA,NA,-122.6336,36.7185
254030,254030,UT,05:23:40 09-May-2024,Argos,A,36.7404,-122.5594,1081,3128,373,65,NA,NA,NA,NA,NA,NA,-122.5594,36.7404
254030,254030,UT,07:01:22 09-May-2024,Argos,B,36.7381,-122.5538,6423,9785,4215,84,NA,NA,NA,NA,NA,NA,-122.5538,36.7381
254030,254030,UT,07:03:57 09-May-2024,Argos,B,36.7371,-122.6874,2727,9018,824,7,NA,NA,NA,NA,NA,NA,-122.6874,36.7371
254030,254030,UT,07:13:06 09-May-2024,Argos,B,36.7576,-122.6922,1341,7207,249,39,NA,NA,NA,NA,NA,NA,-122.6922,36.7576
254030,254030,UT,12:40:07 09-May-2024,Argos,B,36.7948,-122.6502,3531,5022,2481,90,NA,NA,NA,NA,NA,NA,-122.6502,36.7948
254030,254030,UT,13:39:40 09-May-2024,Argos,B,36.8338,-122.6443,2247,173539,29,100,NA,NA,NA,NA,NA,NA,-122.6443,36.8338
254030,254030,UT,14:20:04 09-May-2024,Argos,1,36.824,-122.5938,1444,1816,1148,152,NA,NA,NA,NA,NA,NA,-122.5938,36.824
254030,254030,UT,15:15:23 09-May-2024,Argos,B,36.8287,-122.5661,9457,11581,7722,92,NA,NA,NA,NA,NA,NA,-122.5661,36.8287
254030,254030,UT,16:01:28 09-May-2024,Argos,B,36.8328,-122.544,10681,15119,7546,83,NA,NA,NA,NA,NA,NA,-122.544,36.8328
254030,254030,UT,16:29:44 09-May-2024,Argos,B,36.8321,-122.5772,1111,15056,82,31,NA,NA,NA,NA,NA,NA,-122.5772,36.8321
254030,254030,UT,17:20:07 09-May-2024,Argos,B,36.8371,-122.5514,1482,2538,864,37,NA,NA,NA,NA,NA,NA,-122.5514,36.8371
254030,254030,UT,18:09:56 09-May-2024,Argos,B,36.8344,-122.5521,2009,3073,1312,63,NA,NA,NA,NA,NA,NA,-122.5521,36.8344
254030,254030,UT,19:01:37 09-May-2024,Argos,2,36.8208,-122.5897,294,1725,50,96,NA,NA,NA,NA,NA,NA,-122.5897,36.8208
254030,254030,UT,19:18:04 09-May-2024,Argos,B,36.8264,-122.5851,1227,1874,802,101,NA,NA,NA,NA,NA,NA,-122.5851,36.8264
254030,254030,UT,00:59:27 10-May-2024,Argos,B,36.8546,-122.5099,5118,7260,3608,103,NA,NA,NA,NA,NA,NA,-122.5099,36.8546
254030,254030,UT,02:15:29 10-May-2024,Argos,B,36.8807,-122.5445,3345,107098,104,153,NA,NA,NA,NA,NA,NA,-122.5445,36.8807
254030,254030,UT,02:31:08 10-May-2024,Argos,B,36.9111,-122.5087,9519,28420,3188,101,NA,NA,NA,NA,NA,NA,-122.5087,36.9111
254030,254030,UT,02:40:41 10-May-2024,Argos,0,36.8959,-122.4768,4285,16904,1086,95,NA,NA,NA,NA,NA,NA,-122.4768,36.8959
254030,254030,UT,03:22:40 10-May-2024,Argos,B,36.9032,-122.47,11300,16240,7861,92,NA,NA,NA,NA,NA,NA,-122.47,36.9032
254030,254030,UT,04:16:21 10-May-2024,Argos,A,36.898,-122.6058,4295,13807,1336,158,NA,NA,NA,NA,NA,NA,-122.6058,36.898
254030,254030,UT,05:02:50 10-May-2024,Argos,3,36.9216,-122.6022,236,1422,39,84,NA,NA,NA,NA,NA,NA,-122.6022,36.9216
254030,254030,UT,05:10:51 10-May-2024,Argos,1,36.9263,-122.5887,1003,5540,181,77,NA,NA,NA,NA,NA,NA,-122.5887,36.9263
254030,254030,UT,06:23:11 10-May-2024,Argos,0,36.9205,-122.5942,4200,137366,128,78,NA,NA,NA,NA,NA,NA,-122.5942,36.9205
254030,254030,UT,08:01:10 10-May-2024,Argos,B,36.9303,-122.6196,7157,11474,4463,80,NA,NA,NA,NA,NA,NA,-122.6196,36.9303
254030,254030,UT,08:03:04 10-May-2024,Argos,B,36.9057,-122.5742,4546,88386,233,64,NA,NA,NA,NA,NA,NA,-122.5742,36.9057
254030,254030,UT,12:12:55 10-May-2024,Argos,0,36.8878,-122.5003,1568,2712,906,122,NA,NA,NA,NA,NA,NA,-122.5003,36.8878
254030,254030,UT,13:01:09 10-May-2024,Argos,A,36.8971,-122.4571,2842,9472,852,42,NA,NA,NA,NA,NA,NA,-122.4571,36.8971
254030,254030,UT,14:25:04 10-May-2024,Argos,B,36.8791,-122.452,2900,48837,172,95,NA,NA,NA,NA,NA,NA,-122.452,36.8791
254030,254030,UT,15:30:18 10-May-2024,Argos,A,36.8792,-122.3979,881,2180,356,169,NA,NA,NA,NA,NA,NA,-122.3979,36.8792
254030,254030,UT,16:05:37 10-May-2024,Argos,B,36.8793,-122.399,1149,1337,987,50,NA,NA,NA,NA,NA,NA,-122.399,36.8793
254030,254030,UT,17:20:26 10-May-2024,Argos,2,36.8468,-122.4862,398,824,192,70,NA,NA,NA,NA,NA,NA,-122.4862,36.8468
254030,254030,UT,17:31:14 10-May-2024,Argos,B,36.8435,-122.4886,914,6654,125,105,NA,NA,NA,NA,NA,NA,-122.4886,36.8435
254030,254030,UT,18:04:10 10-May-2024,Argos,0,36.8471,-122.4784,2625,32148,214,97,NA,NA,NA,NA,NA,NA,-122.4784,36.8471
254030,254030,UT,18:58:18 10-May-2024,Argos,1,36.8152,-122.4667,1377,2530,748,137,NA,NA,NA,NA,NA,NA,-122.4667,36.8152
254030,254030,UT,19:11:53 10-May-2024,Argos,B,36.8164,-122.4665,3997,4998,3195,94,NA,NA,NA,NA,NA,NA,-122.4665,36.8164
254030,254030,UT,20:12:20 10-May-2024,Argos,A,36.8525,-122.47,1240,3267,470,69,NA,NA,NA,NA,NA,NA,-122.47,36.8525
254030,254030,UT,20:24:25 10-May-2024,Argos,1,36.8224,-122.4611,742,960,573,129,NA,NA,NA,NA,NA,NA,-122.4611,36.8224
254030,254030,UT,21:46:57 10-May-2024,Argos,B,36.8136,-122.4716,7209,8775,5922,92,NA,NA,NA,NA,NA,NA,-122.4716,36.8136
254030,254030,UT,00:10:21 11-May-2024,Argos,2,36.8907,-122.5545,394,601,257,94,NA,NA,NA,NA,NA,NA,-122.5545,36.8907
254030,254030,UT,02:08:48 11-May-2024,Argos,A,36.9184,-122.6047,5526,35483,860,123,NA,NA,NA,NA,NA,NA,-122.6047,36.9184
254030,254030,UT,03:03:30 11-May-2024,Argos,B,36.9228,-122.6201,10947,18849,6357,117,NA,NA,NA,NA,NA,NA,-122.6201,36.9228
254030,254030,UT,03:10:47 11-May-2024,Argos,0,36.8797,-122.5264,2938,8690,992,150,NA,NA,NA,NA,NA,NA,-122.5264,36.8797
254030,254030,UT,03:22:22 11-May-2024,Argos,A,36.9036,-122.5267,597,2507,142,86,NA,NA,NA,NA,NA,NA,-122.5267,36.9036
254030,254030,UT,03:25:29 11-May-2024,Argos,A,36.8912,-122.5347,1316,2819,614,38,NA,NA,NA,NA,NA,NA,-122.5347,36.8912
254030,254030,UT,04:58:04 11-May-2024,Argos,B,36.9046,-122.5652,17365,21694,13899,88,NA,NA,NA,NA,NA,NA,-122.5652,36.9046
254030,254030,UT,05:02:30 11-May-2024,Argos,B,36.9004,-122.5551,10273,20324,5192,130,NA,NA,NA,NA,NA,NA,-122.5551,36.9004
254030,254030,UT,06:10:49 11-May-2024,Argos,B,36.9016,-122.5531,1001,13319,75,50,NA,NA,NA,NA,NA,NA,-122.5531,36.9016
254030,254030,UT,06:18:26 11-May-2024,Argos,2,36.9402,-122.5185,264,449,154,26,NA,NA,NA,NA,NA,NA,-122.5185,36.9402
254030,254030,UT,07:19:23 11-May-2024,Argos,2,36.9293,-122.4939,459,1016,207,75,NA,NA,NA,NA,NA,NA,-122.4939,36.9293
254030,254030,UT,12:21:24 11-May-2024,Argos,0,36.9133,-122.4978,2166,3678,1275,36,NA,NA,NA,NA,NA,NA,-122.4978,36.9133
254030,254030,UT,12:25:19 11-May-2024,Argos,A,36.8689,-122.4038,3771,15659,908,18,NA,NA,NA,NA,NA,NA,-122.4038,36.8689
254030,254030,UT,13:18:48 11-May-2024,Argos,1,36.8848,-122.4322,891,2573,308,56,NA,NA,NA,NA,NA,NA,-122.4322,36.8848
254030,254030,UT,14:00:19 11-May-2024,Argos,B,36.9044,-122.425,2420,45195,129,113,NA,NA,NA,NA,NA,NA,-122.425,36.9044
254030,254030,UT,14:02:55 11-May-2024,Argos,B,36.9114,-122.4315,11004,51918,2332,112,NA,NA,NA,NA,NA,NA,-122.4315,36.9114
254030,254030,UT,14:59:58 11-May-2024,Argos,0,36.9362,-122.4196,7762,74032,813,75,NA,NA,NA,NA,NA,NA,-122.4196,36.9362
254030,254030,UT,16:59:41 11-May-2024,Argos,A,36.9755,-122.4218,3374,18336,621,54,NA,NA,NA,NA,NA,NA,-122.4218,36.9755
254030,254030,UT,17:14:56 11-May-2024,Argos,1,36.9546,-122.3979,1147,2022,650,149,NA,NA,NA,NA,NA,NA,-122.3979,36.9546
254030,254030,UT,17:19:19 11-May-2024,Argos,A,36.9647,-122.4118,2750,3191,2370,67,NA,NA,NA,NA,NA,NA,-122.4118,36.9647
254030,254030,UT,19:02:44 11-May-2024,Argos,B,36.9837,-122.3949,13997,17886,10952,87,NA,NA,NA,NA,NA,NA,-122.3949,36.9837
254030,254030,UT,19:29:17 11-May-2024,Argos,A,37.035,-122.3383,3273,25565,419,69,NA,NA,NA,NA,NA,NA,-122.3383,37.035
254030,254030,UT,20:12:08 11-May-2024,Argos,1,36.9647,-122.4439,1214,4867,303,83,NA,NA,NA,NA,NA,NA,-122.4439,36.9647
254030,254030,UT,21:03:24 11-May-2024,Argos,2,36.9765,-122.4596,265,343,204,9,NA,NA,NA,NA,NA,NA,-122.4596,36.9765
254030,254030,UT,01:08:16 12-May-2024,Argos,2,36.9458,-122.4934,263,1040,66,80,NA,NA,NA,NA,NA,NA,-122.4934,36.9458
254030,254030,UT,01:19:00 12-May-2024,Argos,B,36.946,-122.4938,1060,1384,811,87,NA,NA,NA,NA,NA,NA,-122.4938,36.946
254030,254030,UT,02:59:34 12-May-2024,Argos,A,36.9164,-122.4712,1556,26300,92,71,NA,NA,NA,NA,NA,NA,-122.4712,36.9164
254030,254030,UT,03:16:49 12-May-2024,Argos,1,36.9199,-122.4792,527,874,317,141,NA,NA,NA,NA,NA,NA,-122.4792,36.9199
254030,254030,UT,04:19:17 12-May-2024,Argos,A,36.9186,-122.4972,525,1049,262,169,NA,NA,NA,NA,NA,NA,-122.4972,36.9186
254030,254030,UT,05:05:41 12-May-2024,Argos,0,36.9242,-122.4958,9087,242097,341,79,NA,NA,NA,NA,NA,NA,-122.4958,36.9242
254030,254030,UT,06:00:35 12-May-2024,Argos,3,36.9245,-122.5026,159,812,31,85,NA,NA,NA,NA,NA,NA,-122.5026,36.9245
254030,254030,UT,06:02:49 12-May-2024,Argos,B,36.9222,-122.5019,223,935,53,84,NA,NA,NA,NA,NA,NA,-122.5019,36.9222
254030,254030,UT,06:25:06 12-May-2024,Argos,B,36.9223,-122.5021,679,933,493,89,NA,NA,NA,NA,NA,NA,-122.5021,36.9223
254030,254030,UT,08:15:14 12-May-2024,Argos,3,36.9151,-122.4467,154,184,128,98,NA,NA,NA,NA,NA,NA,-122.4467,36.9151
254030,254030,UT,13:17:01 12-May-2024,Argos,B,36.9304,-122.4082,2512,69344,91,134,NA,NA,NA,NA,NA,NA,-122.4082,36.9304
254030,254030,UT,14:25:29 12-May-2024,Argos,0,36.8862,-122.2978,4751,24345,927,115,NA,NA,NA,NA,NA,NA,-122.2978,36.8862
254030,254030,UT,15:00:55 12-May-2024,Argos,B,36.8806,-122.2819,10095,13431,7586,96,NA,NA,NA,NA,NA,NA,-122.2819,36.8806
254030,254030,UT,15:18:02 12-May-2024,Argos,A,36.8833,-122.3957,1215,6150,239,47,NA,NA,NA,NA,NA,NA,-122.3957,36.8833
254030,254030,UT,16:35:42 12-May-2024,Argos,B,36.8387,-122.2854,4000,6022,2657,98,NA,NA,NA,NA,NA,NA,-122.2854,36.8387
254030,254030,UT,17:02:50 12-May-2024,Argos,B,36.8626,-122.3474,2050,23189,181,24,NA,NA,NA,NA,NA,NA,-122.3474,36.8626
254030,254030,UT,18:15:00 12-May-2024,Argos,1,36.9419,-122.3392,1376,2196,862,61,NA,NA,NA,NA,NA,NA,-122.3392,36.9419
254030,254030,UT,20:00:21 12-May-2024,Argos,B,36.903,-122.3019,2303,37172,142,87,NA,NA,NA,NA,NA,NA,-122.3019,36.903
254030,254030,UT,20:21:37 12-May-2024,Argos,2,36.9273,-122.3097,435,1431,132,81,NA,NA,NA,NA,NA,NA,-122.3097,36.9273
254030,254030,UT,00:22:54 13-May-2024,Argos,B,36.9306,-122.2203,5310,6672,4225,92,NA,NA,NA,NA,NA,NA,-122.2203,36.9306
254030,254030,UT,00:58:40 13-May-2024,Argos,1,36.9414,-122.2643,683,2110,220,161,NA,NA,NA,NA,NA,NA,-122.2643,36.9414
254030,254030,UT,02:08:25 13-May-2024,Argos,B,36.9567,-122.2642,910,3195,259,64,NA,NA,NA,NA,NA,NA,-122.2642,36.9567
254030,254030,UT,04:02:02 13-May-2024,Argos,B,36.973,-122.2717,1570,2129,1157,64,NA,NA,NA,NA,NA,NA,-122.2717,36.973
254030,254030,UT,04:10:27 13-May-2024,Argos,B,36.9892,-122.3052,1335,23878,74,46,NA,NA,NA,NA,NA,NA,-122.3052,36.9892
254030,254030,UT,04:21:10 13-May-2024,Argos,A,36.9935,-122.2974,589,913,379,21,NA,NA,NA,NA,NA,NA,-122.2974,36.9935
254030,254030,UT,06:08:41 13-May-2024,Argos,0,36.983,-122.3572,2896,5473,1531,136,NA,NA,NA,NA,NA,NA,-122.3572,36.983
254030,254030,UT,12:15:46 13-May-2024,Argos,0,36.9069,-122.3286,2237,5274,949,17,NA,NA,NA,NA,NA,NA,-122.3286,36.9069
254030,254030,UT,13:09:46 13-May-2024,Argos,1,36.8332,-122.3973,739,4404,124,77,NA,NA,NA,NA,NA,NA,-122.3973,36.8332
254030,254030,UT,14:00:02 13-May-2024,Argos,B,36.8123,-122.4193,2281,2967,1753,88,NA,NA,NA,NA,NA,NA,-122.4193,36.8123
254030,254030,UT,14:15:43 13-May-2024,Argos,A,36.8779,-122.4091,165,216,125,44,NA,NA,NA,NA,NA,NA,-122.4091,36.8779
254030,254030,UT,16:28:15 13-May-2024,Argos,B,36.9024,-122.3984,1840,3420,989,103,NA,NA,NA,NA,NA,NA,-122.3984,36.9024
254030,254030,UT,17:03:35 13-May-2024,Argos,B,36.8948,-122.3889,1674,13274,211,103,NA,NA,NA,NA,NA,NA,-122.3889,36.8948
254030,254030,UT,17:59:28 13-May-2024,Argos,0,36.8499,-122.3197,1920,31710,116,101,NA,NA,NA,NA,NA,NA,-122.3197,36.8499
254030,254030,UT,18:09:17 13-May-2024,Argos,1,36.8771,-122.2753,976,2557,372,52,NA,NA,NA,NA,NA,NA,-122.2753,36.8771
254030,254030,UT,21:10:09 13-May-2024,Argos,2,36.778,-122.3031,298,499,177,92,NA,NA,NA,NA,NA,NA,-122.3031,36.778
254030,254030,UT,01:27:00 14-May-2024,Argos,B,36.7402,-122.33,2665,61494,115,46,NA,NA,NA,NA,NA,NA,-122.33,36.7402
254030,254030,UT,02:10:37 14-May-2024,Argos,2,36.7374,-122.3361,459,2293,91,79,NA,NA,NA,NA,NA,NA,-122.3361,36.7374
254030,254030,UT,02:14:16 14-May-2024,Argos,B,36.7379,-122.3361,792,1257,498,86,NA,NA,NA,NA,NA,NA,-122.3361,36.7379
254030,254030,UT,04:15:04 14-May-2024,Argos,2,36.68,-122.3728,346,573,208,53,NA,NA,NA,NA,NA,NA,-122.3728,36.68
254030,254030,UT,04:22:22 14-May-2024,Argos,B,36.6775,-122.3735,975,1211,785,86,NA,NA,NA,NA,NA,NA,-122.3735,36.6775
254030,254030,UT,05:15:25 14-May-2024,Argos,B,36.6705,-122.3795,3038,3876,2380,87,NA,NA,NA,NA,NA,NA,-122.3795,36.6705
254030,254030,UT,05:30:13 14-May-2024,Argos,B,36.6679,-122.3811,6097,6851,5425,42,NA,NA,NA,NA,NA,NA,-122.3811,36.6679
254030,254030,UT,05:58:08 14-May-2024,Argos,B,36.6901,-122.399,1100,7980,151,51,NA,NA,NA,NA,NA,NA,-122.399,36.6901
254030,254030,UT,06:58:31 14-May-2024,Argos,B,36.6672,-122.4101,1554,2892,835,54,NA,NA,NA,NA,NA,NA,-122.4101,36.6672
254030,254030,UT,07:14:30 14-May-2024,Argos,1,36.6918,-122.4235,1021,6529,159,63,NA,NA,NA,NA,NA,NA,-122.4235,36.6918
254030,254030,UT,08:21:00 14-May-2024,Argos,1,36.6855,-122.415,716,1098,466,45,NA,NA,NA,NA,NA,NA,-122.415,36.6855
254030,254030,UT,13:25:25 14-May-2024,Argos,1,36.7775,-122.3826,614,3217,117,93,NA,NA,NA,NA,NA,NA,-122.3826,36.7775
254030,254030,UT,13:32:19 14-May-2024,Argos,A,36.7634,-122.3863,1010,6337,161,90,NA,NA,NA,NA,NA,NA,-122.3863,36.7634
254030,254030,UT,14:18:26 14-May-2024,Argos,B,36.7738,-122.4069,2642,9805,711,58,NA,NA,NA,NA,NA,NA,-122.4069,36.7738
254030,254030,UT,15:02:19 14-May-2024,Argos,B,36.7747,-122.4118,3419,5618,2080,68,NA,NA,NA,NA,NA,NA,-122.4118,36.7747
254030,254030,UT,15:16:56 14-May-2024,Argos,B,36.7721,-122.4111,1230,2198,687,74,NA,NA,NA,NA,NA,NA,-122.4111,36.7721
254030,254030,UT,16:00:48 14-May-2024,Argos,A,36.71,-122.3772,541,6602,44,103,NA,NA,NA,NA,NA,NA,-122.3772,36.71
254030,254030,UT,18:01:06 14-May-2024,Argos,B,36.6619,-122.359,2308,3079,1729,99,NA,NA,NA,NA,NA,NA,-122.359,36.6619
254030,254030,UT,18:18:06 14-May-2024,Argos,3,36.6999,-122.4667,191,406,89,98,NA,NA,NA,NA,NA,NA,-122.4667,36.6999
254030,254030,UT,19:16:06 14-May-2024,Argos,1,36.7351,-122.4945,1217,3310,447,170,NA,NA,NA,NA,NA,NA,-122.4945,36.7351
254030,254030,UT,20:29:04 14-May-2024,Argos,B,36.7122,-122.5021,4519,8318,2454,100,NA,NA,NA,NA,NA,NA,-122.5021,36.7122
254030,254030,UT,21:17:37 14-May-2024,Argos,B,36.7032,-122.5034,5388,8063,3600,96,NA,NA,NA,NA,NA,NA,-122.5034,36.7032
254030,254030,UT,03:12:18 15-May-2024,Argos,B,36.645,-122.5313,10199,12598,8256,88,NA,NA,NA,NA,NA,NA,-122.5313,36.645
254030,254030,UT,03:16:32 15-May-2024,Argos,A,36.7134,-122.6266,747,3565,156,127,NA,NA,NA,NA,NA,NA,-122.6266,36.7134
254030,254030,UT,03:21:14 15-May-2024,Argos,B,36.709,-122.6221,262,1301,52,59,NA,NA,NA,NA,NA,NA,-122.6221,36.709
254030,254030,UT,03:22:11 15-May-2024,Argos,A,36.7113,-122.6207,157,547,45,87,NA,NA,NA,NA,NA,NA,-122.6207,36.7113
254030,254030,UT,04:08:05 15-May-2024,Argos,B,36.7032,-122.6237,1202,1511,956,86,NA,NA,NA,NA,NA,NA,-122.6237,36.7032
254030,254030,UT,04:09:32 15-May-2024,Argos,1,36.7165,-122.6122,1400,2625,746,102,NA,NA,NA,NA,NA,NA,-122.6122,36.7165
254030,254030,UT,04:58:53 15-May-2024,Argos,B,36.6889,-122.6138,1175,2069,667,62,NA,NA,NA,NA,NA,NA,-122.6138,36.6889
254030,254030,UT,05:18:46 15-May-2024,Argos,1,36.7122,-122.6037,1306,1553,1097,111,NA,NA,NA,NA,NA,NA,-122.6037,36.7122
254030,254030,UT,05:58:50 15-May-2024,Argos,0,36.7212,-122.5955,3101,7987,1204,143,NA,NA,NA,NA,NA,NA,-122.5955,36.7212
254030,254030,UT,07:03:08 15-May-2024,Argos,1,36.7105,-122.5743,889,1658,476,75,NA,NA,NA,NA,NA,NA,-122.5743,36.7105
254030,254030,UT,12:59:01 15-May-2024,Argos,B,36.6895,-122.5061,21416,26142,17544,105,NA,NA,NA,NA,NA,NA,-122.5061,36.6895
254030,254030,UT,13:58:57 15-May-2024,Argos,A,36.6671,-122.4557,991,49360,19,80,NA,NA,NA,NA,NA,NA,-122.4557,36.6671
254030,254030,UT,14:29:05 15-May-2024,Argos,B,36.6619,-122.4382,715,8467,60,106,NA,NA,NA,NA,NA,NA,-122.4382,36.6619
254030,254030,UT,14:32:11 15-May-2024,Argos,B,36.6629,-122.4401,748,3524,158,106,NA,NA,NA,NA,NA,NA,-122.4401,36.6629
254030,254030,UT,15:30:44 15-May-2024,Argos,B,36.6516,-122.4167,1260,2005,791,100,NA,NA,NA,NA,NA,NA,-122.4167,36.6516
254030,254030,UT,16:27:27 15-May-2024,Argos,B,36.6513,-122.4067,1197,8230,174,151,NA,NA,NA,NA,NA,NA,-122.4067,36.6513
254030,254030,UT,17:12:19 15-May-2024,Argos,B,36.6485,-122.3917,1416,2359,849,149,NA,NA,NA,NA,NA,NA,-122.3917,36.6485
254030,254030,UT,17:41:20 15-May-2024,Argos,B,36.6512,-122.3998,1586,2013,1248,132,NA,NA,NA,NA,NA,NA,-122.3998,36.6512
254030,254030,UT,18:05:59 15-May-2024,Argos,B,36.6676,-122.399,1178,19289,71,98,NA,NA,NA,NA,NA,NA,-122.399,36.6676
254030,254030,UT,18:06:28 15-May-2024,Argos,0,36.6436,-122.3739,1668,3855,722,93,NA,NA,NA,NA,NA,NA,-122.3739,36.6436
254030,254030,UT,19:21:39 15-May-2024,Argos,1,36.6588,-122.416,1373,18123,104,95,NA,NA,NA,NA,NA,NA,-122.416,36.6588
254030,254030,UT,21:05:14 15-May-2024,Argos,B,36.6527,-122.3958,3677,5123,2639,98,NA,NA,NA,NA,NA,NA,-122.3958,36.6527
254030,254030,UT,21:18:01 15-May-2024,Argos,3,36.6729,-122.3913,105,196,56,103,NA,NA,NA,NA,NA,NA,-122.3913,36.6729
254030,254030,UT,00:02:15 16-May-2024,Argos,A,36.7073,-122.4386,4786,32014,715,77,NA,NA,NA,NA,NA,NA,-122.4386,36.7073
254030,254030,UT,01:04:59 16-May-2024,Argos,A,36.6988,-122.5135,4001,27652,579,115,NA,NA,NA,NA,NA,NA,-122.5135,36.6988
254030,254030,UT,01:38:59 16-May-2024,Argos,A,36.6779,-122.5245,2545,21124,306,138,NA,NA,NA,NA,NA,NA,-122.5245,36.6779
254030,254030,UT,02:41:55 16-May-2024,Argos,B,36.6704,-122.5406,1826,2341,1424,114,NA,NA,NA,NA,NA,NA,-122.5406,36.6704
254030,254030,UT,04:25:01 16-May-2024,Argos,B,36.6667,-122.5394,1956,2770,1380,98,NA,NA,NA,NA,NA,NA,-122.5394,36.6667
254030,254030,UT,04:31:39 16-May-2024,Argos,B,36.6617,-122.5547,1870,3292,1061,100,NA,NA,NA,NA,NA,NA,-122.5547,36.6617
254030,254030,UT,05:12:12 16-May-2024,Argos,B,36.6579,-122.5629,1810,2418,1355,94,NA,NA,NA,NA,NA,NA,-122.5629,36.6579
254030,254030,UT,05:32:22 16-May-2024,Argos,B,36.6605,-122.5588,1433,36713,55,92,NA,NA,NA,NA,NA,NA,-122.5588,36.6605
254030,254030,UT,06:16:47 16-May-2024,Argos,A,36.7253,-122.5811,1700,3886,743,0,NA,NA,NA,NA,NA,NA,-122.5811,36.7253
254030,254030,UT,08:28:19 16-May-2024,Argos,B,36.748,-122.6045,10398,15417,7012,74,NA,NA,NA,NA,NA,NA,-122.6045,36.748
