DeployID,Ptt,Instr,RecordType,MsgCount,Duplicates,Corrupt,AvgInterval,MinInterval,Date,Satellite,LocationQuality,Latitude,Longitude,Latitude2,Longitude2,IQ,Duration,Frequency,Power
254030,254030,UT,DS,7,0,0,89,88,17:19:13 08-Apr-2024,NP,1,36.9485,-122.0504,36.9485,-122.0504,40,,401677672,-127
254030,254030,UT,DS,1,0,0,,,17:34:12 08-Apr-2024,MB,B,36.9488,-122.0498,36.9488,-122.0498,6,,401677658,-135
254030,254030,UT,DS,1,0,0,,,17:10:27 09-Apr-2024,NP,B,36.9122,-122.0938,36.9122,-122.0938,,,401677666,-128
254030,254030,UT,DS,3,0,0,125,38,18:03:44 09-Apr-2024,MC,A,36.8166,-122.0251,36.8166,-122.0251,6,,401677701,-129
254030,254030,UT,DS,3,0,0,258,98,18:28:42 09-Apr-2024,NN,A,36.7884,-121.9155,36.7884,-121.9155,6,,401677701,-132
254030,254030,UT,DS,2,0,0,62,62,18:48:35 09-Apr-2024,NP,B,36.7861,-121.9419,36.7861,-121.9419,6,,401677703,-130
254030,254030,UT,DS,1,0,0,,,19:42:37 09-Apr-2024,MC,B,36.7530,-121.9164,36.7530,-121.9164,8,,401677691,-127
254030,254030,UT,DS,1,0,0,,,20:08:03 09-Apr-2024,NN,B,36.7596,-121.9221,36.7596,-121.9221,6,,401677703,-131
254030,254030,UT,DS,2,0,0,81,81,20:45:14 09-Apr-2024,O3,B,36.7628,-121.9167,36.7628,-121.9167,8,,401677687,-125
254030,254030,UT,DS,3,0,0,91,30,23:48:38 09-Apr-2024,CS,A,36.7666,-121.9224,36.7666,-121.9224,8,,401677706,-131
254030,254030,UT,DS,3,0,1,202,73,01:27:08 10-Apr-2024,CS,A,36.7643,-121.8962,36.7643,-121.8962,8,,401677693,-133
254030,254030,UT,DS,3,0,0,142,40,01:27:54 10-Apr-2024,A1,A,36.7751,-121.8735,36.7751,-121.8735,6,,401677693,-142
254030,254030,UT,DS,1,0,0,,,01:44:56 10-Apr-2024,SR,B,36.7753,-121.8735,36.7753,-121.8735,6,,401677690,-132
254030,254030,UT,DS,1,0,0,,,03:02:22 10-Apr-2024,A1,B,36.7659,-121.8564,36.7659,-121.8564,8,,401677693,-138
254030,254030,UT,DS,1,0,0,,,03:20:45 10-Apr-2024,SR,B,36.7700,-121.8632,36.7700,-121.8632,6,,401677693,-139
254030,254030,UT,DS,1,0,0,,,03:20:45 10-Apr-2024,NK,B,36.7818,-121.8653,36.7818,-121.8653,,,401677702,-127
254030,254030,UT,DS,2,0,0,326,326,04:35:44 10-Apr-2024,NP,B,36.7801,-121.8493,36.7801,-121.8493,8,,401677697,-130
254030,254030,UT,DS,1,0,0,,,05:00:34 10-Apr-2024,NK,B,36.7800,-121.8531,36.7800,-121.8531,6,,401677696,-133
254030,254030,UT,DS,2,0,0,442,442,05:19:44 10-Apr-2024,MC,B,36.7848,-121.8455,36.7848,-121.8455,8,,401677691,-128
254030,254030,UT,DS,1,0,0,,,05:54:24 10-Apr-2024,NN,B,36.7872,-121.8490,36.7872,-121.8490,8,,401677698,-130
254030,254030,UT,DS,2,0,0,111,111,06:13:10 10-Apr-2024,O3,B,36.7994,-121.9398,36.7994,-121.9398,6,,401677685,-132
254030,254030,UT,DS,1,0,0,,,07:34:58 10-Apr-2024,NN,B,36.7999,-121.9255,36.7999,-121.9255,8,,401677687,-135
254030,254030,UT,DS,2,0,0,188,188,07:54:45 10-Apr-2024,O3,B,36.8004,-121.9334,36.8004,-121.9334,6,,401677683,-130
254030,254030,UT,DS,2,0,0,36,36,12:54:27 10-Apr-2024,SR,B,36.7904,-121.8805,36.7904,-121.8805,8,,401677681,-132
254030,254030,UT,DS,1,0,0,,,13:34:36 10-Apr-2024,CS,B,36.7914,-121.8983,36.7914,-121.8983,8,,401677679,-134
254030,254030,UT,DS,2,0,0,64,64,13:35:08 10-Apr-2024,A1,B,36.7862,-121.9291,36.7862,-121.9291,6,,401677681,-131
254030,254030,UT,DS,1,0,0,,,14:37:28 10-Apr-2024,SR,B,36.7880,-121.9240,36.7880,-121.9240,8,,401677684,-138
254030,254030,UT,DS,1,0,0,,,15:18:27 10-Apr-2024,CS,B,36.7902,-121.9327,36.7902,-121.9327,8,,401677679,-137
254030,254030,UT,DS,3,0,0,259,161,15:34:25 10-Apr-2024,NK,A,36.7946,-121.9897,36.7946,-121.9897,8,,401677679,-129
254030,254030,UT,DS,1,0,0,,,16:56:21 10-Apr-2024,NP,B,36.8046,-122.0041,36.8046,-122.0041,8,,401677667,-136
254030,254030,UT,DS,2,0,0,169,169,17:22:10 10-Apr-2024,NK,B,36.8216,-121.9887,36.8216,-121.9887,6,,401677688,-135
254030,254030,UT,DS,2,0,0,492,492,17:38:23 10-Apr-2024,MC,,,,,,,,401650000,
254030,254030,UT,DS,4,0,0,153,126,18:16:56 10-Apr-2024,NN,2,36.8089,-121.9868,36.8089,-121.9868,58,,401677680,-133
254030,254030,UT,DS,2,0,0,70,70,18:38:02 10-Apr-2024,NP,B,36.8061,-121.9910,36.8061,-121.9910,6,,401677679,-137
254030,254030,UT,DS,1,0,0,,,19:21:36 10-Apr-2024,MC,,,,,,,,401650000,
254030,254030,UT,DS,1,0,0,,,21:41:47 10-Apr-2024,O3,B,36.8023,-122.0141,36.8023,-122.0141,8,,401677670,-136
254030,254030,UT,DS,1,0,0,,,00:49:48 11-Apr-2024,CS,B,36.8288,-122.0552,36.8288,-122.0552,8,,401677703,-133
254030,254030,UT,DS,1,0,1,,,02:24:07 11-Apr-2024,CS,B,36.8486,-122.0620,36.8486,-122.0620,8,,401677718,-138
254030,254030,UT,DS,2,0,0,195,195,02:48:31 11-Apr-2024,SR,B,36.8914,-122.0558,36.8914,-122.0558,6,,401677703,-131
254030,254030,UT,DS,1,0,0,,,03:21:42 11-Apr-2024,MC,,,,,,,,401650000,
254030,254030,UT,DS,3,0,0,161,158,04:17:29 11-Apr-2024,NP,A,36.8936,-122.2544,36.8936,-122.2544,8,,401677679,-135
254030,254030,UT,DS,2,0,0,181,181,04:34:53 11-Apr-2024,NK,B,36.8920,-122.2495,36.8920,-122.2495,6,,401677679,-132
254030,254030,UT,DS,1,0,0,,,05:00:30 11-Apr-2024,MC,,,,,,,,401650000,
254030,254030,UT,DS,1,0,1,,,05:41:06 11-Apr-2024,NN,B,36.8964,-122.3034,36.8964,-122.3034,8,,401677684,-133
254030,254030,UT,DS,1,0,0,,,07:28:54 11-Apr-2024,NN,B,36.9019,-122.3859,36.9019,-122.3859,8,,401677696,-137
254030,254030,UT,DS,1,0,0,,,08:43:40 11-Apr-2024,O3,B,36.9056,-122.4143,36.9056,-122.4143,8,,401677694,-128
254030,254030,UT,DS,2,0,0,117,117,13:17:03 11-Apr-2024,A1,B,36.9859,-122.5964,36.9859,-122.5964,8,,401677638,-137
254030,254030,UT,DS,2,0,1,455,455,14:07:12 11-Apr-2024,SR,B,37.0674,-122.4152,37.0674,-122.4152,6,,401677674,-133
254030,254030,UT,DS,2,0,0,588,588,14:30:32 11-Apr-2024,CS,B,37.0669,-122.4155,37.0669,-122.4155,6,,401677675,-136
254030,254030,UT,DS,1,0,1,,,15:10:55 11-Apr-2024,NK,B,37.0818,-122.4002,37.0818,-122.4002,7,,401677685,-128
254030,254030,UT,DS,1,0,0,,,16:41:41 11-Apr-2024,NP,B,37.0860,-122.4019,37.0860,-122.4019,8,,401677673,-132
254030,254030,UT,DS,2,0,0,164,164,16:50:22 11-Apr-2024,NK,B,37.0798,-122.4121,37.0798,-122.4121,6,,401677678,-133
254030,254030,UT,DS,1,0,0,,,17:24:08 11-Apr-2024,MC,B,37.0959,-122.3944,37.0959,-122.3944,8,,401677680,-131
254030,254030,UT,DS,1,0,0,,,18:25:18 11-Apr-2024,NP,B,37.1121,-122.3680,37.1121,-122.3680,8,,401677684,-135
254030,254030,UT,DS,4,0,0,158,59,18:57:38 11-Apr-2024,MC,1,37.0926,-122.4365,37.0926,-122.4365,58,,401677668,-129
254030,254030,UT,DS,2,0,0,211,211,20:51:43 11-Apr-2024,O3,B,37.1184,-122.4789,37.1184,-122.4789,8,,401677674,-131
254030,254030,UT,DS,1,0,0,,,01:46:24 12-Apr-2024,CS,B,37.1813,-122.5258,37.1813,-122.5258,8,,401677670,-135
254030,254030,UT,DS,2,0,0,103,103,02:16:30 12-Apr-2024,SR,B,37.2290,-122.5781,37.2290,-122.5781,8,,401677670,-134
254030,254030,UT,DS,1,0,0,,,02:17:22 12-Apr-2024,A1,B,37.2279,-122.5852,37.2279,-122.5852,6,,401677694,-137
254030,254030,UT,DS,2,0,0,199,199,04:06:55 12-Apr-2024,NK,B,37.2723,-122.5991,37.2723,-122.5991,,,401677644,-131
254030,254030,UT,DS,1,0,0,,,04:06:55 12-Apr-2024,NP,B,37.2676,-122.6294,37.2676,-122.6294,8,,401677643,-136
254030,254030,UT,DS,2,0,0,227,227,05:30:54 12-Apr-2024,NN,B,37.3164,-122.5768,37.3164,-122.5768,8,,401677636,-132
254030,254030,UT,DS,2,0,0,64,64,06:21:43 12-Apr-2024,MC,B,37.2806,-122.5584,37.2806,-122.5584,7,,401677661,-128
254030,254030,UT,DS,2,0,0,230,230,07:12:10 12-Apr-2024,NN,B,37.2867,-122.5369,37.2867,-122.5369,8,,401677652,-133
254030,254030,UT,DS,1,0,1,,,07:59:33 12-Apr-2024,O3,B,37.2631,-122.5453,37.2631,-122.5453,8,,401677642,-133
254030,254030,UT,DS,3,0,0,97,90,13:37:49 12-Apr-2024,SR,A,37.2735,-122.5610,37.2735,-122.5610,8,,401677666,-131
254030,254030,UT,DS,3,0,0,94,67,14:25:34 12-Apr-2024,A1,A,37.2781,-122.5373,37.2781,-122.5373,8,,401677668,-134
254030,254030,UT,DS,1,0,0,,,15:14:30 12-Apr-2024,SR,B,37.2805,-122.5322,37.2805,-122.5322,8,,401677666,-136
254030,254030,UT,DS,1,0,0,,,16:32:44 12-Apr-2024,NP,B,37.2897,-122.5225,37.2897,-122.5225,8,,401677658,-136
254030,254030,UT,DS,2,0,0,169,169,16:57:51 12-Apr-2024,MC,B,37.2894,-122.5290,37.2894,-122.5290,6,,401677651,-126
254030,254030,UT,DS,2,0,1,229,229,17:48:35 12-Apr-2024,MB,B,37.3192,-122.5359,37.3192,-122.5359,7,,401677666,-133
254030,254030,UT,DS,2,0,0,90,90,17:57:42 12-Apr-2024,NN,B,37.3162,-122.5308,37.3162,-122.5308,6,,401677671,-133
254030,254030,UT,DS,2,0,0,324,324,18:06:45 12-Apr-2024,NP,B,37.3214,-122.5296,37.3214,-122.5296,6,,401677668,-131
254030,254030,UT,DS,2,0,0,176,176,18:34:49 12-Apr-2024,MC,B,37.3276,-122.5289,37.3276,-122.5289,6,,401677665,-124
254030,254030,UT,DS,1,0,0,,,19:34:11 12-Apr-2024,NN,B,37.3424,-122.5228,37.3424,-122.5228,8,,401677659,-132
254030,254030,UT,DS,6,0,1,69,40,20:05:17 12-Apr-2024,O3,1,37.3727,-122.5530,37.3727,-122.5530,48,,401677662,-134
254030,254030,UT,DS,1,0,0,,,21:42:55 12-Apr-2024,O3,B,37.4154,-122.5837,37.4154,-122.5837,8,,401677674,-135
254030,254030,UT,DS,1,0,0,,,23:25:46 12-Apr-2024,CS,B,37.4372,-122.6094,37.4372,-122.6094,8,,401677644,-141
254030,254030,UT,DS,3,0,0,90,44,01:06:33 13-Apr-2024,CS,A,37.4082,-122.4958,37.4082,-122.4958,8,,401677666,-128
254030,254030,UT,DS,1,0,0,,,02:03:45 13-Apr-2024,NK,B,37.4194,-122.4855,37.4194,-122.4855,8,,401677659,-137
254030,254030,UT,DS,1,0,0,,,02:44:10 13-Apr-2024,CS,B,37.4280,-122.4832,37.4280,-122.4832,8,,401677658,-138
254030,254030,UT,DS,3,0,1,95,89,03:39:38 13-Apr-2024,NK,A,37.4228,-122.5100,37.4228,-122.5100,7,,401677676,-132
254030,254030,UT,DS,2,0,0,90,90,04:20:41 13-Apr-2024,MC,B,37.4066,-122.5313,37.4066,-122.5313,8,,401677672,-125
254030,254030,UT,DS,2,0,0,92,92,05:07:06 13-Apr-2024,MB,B,37.3991,-122.5365,37.3991,-122.5365,8,,401677674,-129
254030,254030,UT,DS,1,0,0,,,05:16:53 13-Apr-2024,NN,B,37.3995,-122.5345,37.3995,-122.5345,6,,401677671,-133
254030,254030,UT,DS,1,0,0,,,13:04:11 13-Apr-2024,SR,B,37.4030,-122.6365,37.4030,-122.6365,8,,401677678,-127
254030,254030,UT,DS,2,0,0,325,325,13:16:23 13-Apr-2024,CS,B,37.4500,-122.5355,37.4500,-122.5355,6,,401677674,-130
254030,254030,UT,DS,2,0,0,190,190,14:01:00 13-Apr-2024,A1,B,37.4396,-122.5466,37.4396,-122.5466,8,,401677674,-134
254030,254030,UT,DS,2,0,1,35,35,16:04:50 13-Apr-2024,NK,B,37.4284,-122.5707,37.4284,-122.5707,8,,401677667,-133
254030,254030,UT,DS,1,0,0,,,18:01:19 13-Apr-2024,NP,B,37.3992,-122.5873,37.3992,-122.5873,8,,401677689,-132
254030,254030,UT,DS,5,0,0,82,32,19:22:59 13-Apr-2024,NN,0,37.3338,-122.6448,37.3338,-122.6448,58,,401677670,-129
254030,254030,UT,DS,1,0,0,,,19:22:26 13-Apr-2024,O3,B,37.3417,-122.6644,37.3417,-122.6644,8,,401677676,-134
254030,254030,UT,DS,3,0,1,240,181,20:55:24 13-Apr-2024,O3,A,37.3439,-122.6490,37.3439,-122.6490,8,,401677677,-128
254030,254030,UT,DS,1,0,1,,,21:04:11 13-Apr-2024,NN,B,37.3419,-122.6514,37.3419,-122.6514,6,,401677665,-137
254030,254030,UT,DS,1,0,0,,,00:22:00 14-Apr-2024,CS,B,37.3141,-122.6994,37.3141,-122.6994,8,,401677693,-139
254030,254030,UT,DS,1,0,0,,,02:03:04 14-Apr-2024,CS,B,37.3082,-122.7097,37.3082,-122.7097,8,,401677692,-140
254030,254030,UT,DS,2,0,0,220,220,05:06:16 14-Apr-2024,NN,B,37.3317,-122.6423,37.3317,-122.6423,8,,401677678,-133
254030,254030,UT,DS,1,0,0,,,05:21:19 14-Apr-2024,NP,B,37.3330,-122.6431,37.3330,-122.6431,6,,401677676,-136
254030,254030,UT,DS,2,0,0,220,220,05:38:36 14-Apr-2024,MC,B,37.3469,-122.6255,37.3469,-122.6255,6,,401677676,-132
254030,254030,UT,DS,2,0,0,141,141,06:47:45 14-Apr-2024,NN,B,37.3340,-122.6267,37.3340,-122.6267,8,,401677687,-132
254030,254030,UT,DS,1,0,0,,,13:40:46 14-Apr-2024,A1,B,37.2729,-122.6392,37.2729,-122.6392,8,,401677677,-133
254030,254030,UT,DS,1,0,0,,,14:12:44 14-Apr-2024,CS,B,37.2936,-122.6210,37.2936,-122.6210,8,,401677674,-136
254030,254030,UT,DS,2,0,0,117,117,15:35:39 14-Apr-2024,NK,B,37.2813,-122.6123,37.2813,-122.6123,8,,401677672,-130
254030,254030,UT,DS,1,0,0,,,16:04:00 14-Apr-2024,NP,B,37.2874,-122.5913,37.2874,-122.5913,6,,401677694,-135
254030,254030,UT,DS,3,0,1,103,37,17:11:56 14-Apr-2024,NK,A,37.2668,-122.6082,37.2668,-122.6082,8,,401677692,-137
254030,254030,UT,DS,3,0,0,248,230,17:42:09 14-Apr-2024,NP,A,37.2949,-122.6218,37.2949,-122.6218,7,,401677691,-134
254030,254030,UT,DS,1,0,0,,,18:04:35 14-Apr-2024,MC,B,37.3049,-122.6726,37.3049,-122.6726,6,,401677693,-133
254030,254030,UT,DS,2,1,0,,,19:05:20 14-Apr-2024,NN,B,37.2840,-122.5853,37.2840,-122.5853,8,,401677690,-137
254030,254030,UT,DS,1,0,0,,,20:17:28 14-Apr-2024,O3,B,37.2812,-122.5955,37.2812,-122.5955,8,,401677702,-131
254030,254030,UT,DS,4,0,0,142,34,01:20:23 15-Apr-2024,CS,1,37.3050,-122.6718,37.3050,-122.6718,58,,401677693,-130
254030,254030,UT,DS,1,0,1,,,02:25:19 15-Apr-2024,SR,B,37.3109,-122.6797,37.3109,-122.6797,8,,401677686,-131
254030,254030,UT,DS,3,0,0,104,91,02:42:45 15-Apr-2024,A1,A,37.3169,-122.6598,37.3169,-122.6598,6,,401677699,-129
254030,254030,UT,DS,3,0,0,113,103,02:50:12 15-Apr-2024,NK,A,37.3133,-122.6646,37.3133,-122.6646,6,,401677699,-128
254030,254030,UT,DS,3,0,1,235,118,03:29:23 15-Apr-2024,NP,A,37.3120,-122.6399,37.3120,-122.6399,8,,401677696,-134
254030,254030,UT,DS,2,0,0,111,111,03:37:10 15-Apr-2024,MC,B,37.3126,-122.6432,37.3126,-122.6432,6,,401677691,-129
254030,254030,UT,DS,2,0,1,81,81,04:02:47 15-Apr-2024,SR,B,37.3109,-122.6430,37.3109,-122.6430,6,,401677698,-140
254030,254030,UT,DS,1,0,0,,,04:31:22 15-Apr-2024,MB,B,37.3097,-122.6420,37.3097,-122.6420,6,,401677692,-134
254030,254030,UT,DS,4,0,1,120,98,05:11:35 15-Apr-2024,NP,2,37.2960,-122.6059,37.2960,-122.6059,58,,401677696,-133
254030,254030,UT,DS,1,0,0,,,05:13:43 15-Apr-2024,MC,B,37.2969,-122.6062,37.2969,-122.6062,6,,401677695,-135
254030,254030,UT,DS,3,0,0,207,101,06:33:28 15-Apr-2024,NN,A,37.3104,-122.5687,37.3104,-122.5687,8,,401677695,-130
254030,254030,UT,DS,2,0,0,110,110,07:21:10 15-Apr-2024,O3,B,37.3132,-122.5603,37.3132,-122.5603,8,,401677690,-127
254030,254030,UT,DS,1,0,0,,,13:11:53 15-Apr-2024,A1,B,37.3093,-122.4587,37.3093,-122.4587,8,,401677687,-141
254030,254030,UT,DS,2,0,0,107,107,13:32:03 15-Apr-2024,CS,B,37.3134,-122.5182,37.3134,-122.5182,6,,401677695,-131
254030,254030,UT,DS,1,0,0,,,14:47:45 15-Apr-2024,A1,B,37.3085,-122.4866,37.3085,-122.4866,8,,401677685,-138
254030,254030,UT,DS,2,0,1,43,43,15:10:30 15-Apr-2024,CS,B,37.2904,-122.5712,37.2904,-122.5712,6,,401677688,-136
254030,254030,UT,DS,1,0,0,,,15:10:51 15-Apr-2024,NK,B,37.2895,-122.5691,37.2895,-122.5691,6,,401677694,-133
254030,254030,UT,DS,1,0,0,,,15:18:50 15-Apr-2024,SR,B,37.2991,-122.4946,37.2991,-122.4946,6,,401677689,-135
254030,254030,UT,DS,2,0,0,92,92,16:51:23 15-Apr-2024,NK,B,37.2697,-122.4982,37.2697,-122.4982,8,,401677698,-135
254030,254030,UT,DS,3,0,0,158,138,17:35:13 15-Apr-2024,NP,A,37.2538,-122.5436,37.2538,-122.5436,8,,401677712,-132
254030,254030,UT,DS,2,0,0,138,138,17:36:42 15-Apr-2024,MC,B,37.2459,-122.5212,37.2459,-122.5212,6,,401677737,-126
254030,254030,UT,DS,3,0,0,286,51,18:51:34 15-Apr-2024,NN,A,37.2682,-122.5297,37.2682,-122.5297,8,,401677694,-137
254030,254030,UT,DS,2,0,0,44,44,20:35:19 15-Apr-2024,NN,B,37.2946,-122.5225,37.2946,-122.5225,8,,401677688,-135
254030,254030,UT,DS,1,0,0,,,21:07:41 15-Apr-2024,O3,B,37.2882,-122.5265,37.2882,-122.5265,7,,401677693,-130
254030,254030,UT,DS,1,0,0,,,00:37:59 16-Apr-2024,CS,B,37.2714,-122.5377,37.2714,-122.5377,8,,401677698,-138
254030,254030,UT,DS,3,0,0,79,42,02:18:05 16-Apr-2024,A1,A,37.3070,-122.5406,37.3070,-122.5406,8,,401677692,-129
254030,254030,UT,DS,1,0,0,,,02:19:37 16-Apr-2024,CS,B,37.2912,-122.5503,37.2912,-122.5503,8,,401677709,-133
254030,254030,UT,DS,2,0,0,185,185,02:26:55 16-Apr-2024,NK,B,37.2943,-122.5487,37.2943,-122.5487,8,,401677708,-124
254030,254030,UT,DS,2,0,0,121,121,03:31:49 16-Apr-2024,SR,B,37.3341,-122.5668,37.3341,-122.5668,8,,401677703,-131
254030,254030,UT,DS,5,0,1,121,102,04:06:08 16-Apr-2024,NK,2,37.3378,-122.5935,37.3378,-122.5935,58,,401677698,-127
254030,254030,UT,DS,1,0,0,,,05:01:32 16-Apr-2024,NP,B,37.3467,-122.5827,37.3467,-122.5827,8,,401677696,-134
254030,254030,UT,DS,4,0,1,150,115,06:21:25 16-Apr-2024,NN,0,37.3660,-122.5791,37.3660,-122.5791,48,,401677690,-133
254030,254030,UT,DS,4,0,1,109,72,08:14:57 16-Apr-2024,O3,3,37.3672,-122.5977,37.3672,-122.5977,58,,401677694,-130
254030,254030,UT,DS,2,0,0,302,302,12:50:30 16-Apr-2024,CS,B,37.3638,-122.5792,37.3638,-122.5792,8,,401677709,-134
254030,254030,UT,DS,1,0,1,,,12:53:01 16-Apr-2024,A1,B,37.3477,-122.6150,37.3477,-122.6150,8,,401677667,-137
254030,254030,UT,DS,1,0,1,,,14:43:16 16-Apr-2024,NK,B,37.3470,-122.6118,37.3470,-122.6118,8,,401677679,-140
254030,254030,UT,DS,1,0,0,,,16:22:03 16-Apr-2024,NK,B,37.3522,-122.6100,37.3522,-122.6100,8,,401677676,-131
254030,254030,UT,DS,1,0,0,,,17:15:01 16-Apr-2024,MC,B,37.3422,-122.5563,37.3422,-122.5563,6,,401677711,-131
254030,254030,UT,DS,1,0,1,,,17:21:43 16-Apr-2024,NP,B,37.3312,-122.5611,37.3312,-122.5611,6,,401677719,-130
254030,254030,UT,DS,1,0,0,,,19:00:01 16-Apr-2024,MC,B,37.3239,-122.5439,37.3239,-122.5439,8,,401677699,-132
254030,254030,UT,DS,3,0,1,92,80,20:18:57 16-Apr-2024,O3,A,37.3033,-122.5588,37.3033,-122.5588,8,,401677698,-134
254030,254030,UT,DS,1,0,0,,,20:23:10 16-Apr-2024,NN,B,37.3033,-122.5584,37.3033,-122.5584,6,,401677703,-135
254030,254030,UT,DS,3,0,0,149,94,23:58:28 16-Apr-2024,CS,A,37.3049,-122.5501,37.3049,-122.5501,8,,401677687,-130
254030,254030,UT,DS,1,0,0,,,01:21:21 17-Apr-2024,SR,B,37.2894,-122.5437,37.2894,-122.5437,7,,401677707,-130
254030,254030,UT,DS,2,0,0,48,48,01:43:53 17-Apr-2024,CS,B,37.2590,-122.5681,37.2590,-122.5681,6,,401677707,-135
254030,254030,UT,DS,2,0,0,115,115,02:01:03 17-Apr-2024,NK,B,37.2472,-122.5202,37.2472,-122.5202,6,,401677703,-133
254030,254030,UT,DS,1,0,0,,,03:28:12 17-Apr-2024,A1,B,37.2542,-122.5077,37.2542,-122.5077,8,,401677686,-134
254030,254030,UT,DS,2,0,0,338,338,03:39:55 17-Apr-2024,NK,B,37.2665,-122.5020,37.2665,-122.5020,6,,401677693,-130
254030,254030,UT,DS,1,0,0,,,04:36:44 17-Apr-2024,MC,B,37.2594,-122.4917,37.2594,-122.4917,8,,401677689,-131
254030,254030,UT,DS,1,0,0,,,04:44:54 17-Apr-2024,NP,B,37.2557,-122.5070,37.2557,-122.5070,6,,401677690,-136
254030,254030,UT,DS,2,0,0,137,137,06:09:40 17-Apr-2024,NN,B,37.2640,-122.5076,37.2640,-122.5076,8,,401677691,-133
254030,254030,UT,DS,3,0,0,224,220,06:15:33 17-Apr-2024,MC,A,37.2630,-122.5229,37.2630,-122.5229,6,,401677691,-125
254030,254030,UT,DS,1,0,0,,,06:28:00 17-Apr-2024,NP,B,37.2629,-122.5234,37.2629,-122.5234,6,,401677691,-138
254030,254030,UT,DS,1,0,0,,,07:30:44 17-Apr-2024,O3,B,37.2697,-122.5293,37.2697,-122.5293,7,,401677706,-132
254030,254030,UT,DS,1,0,0,,,12:07:49 17-Apr-2024,CS,B,37.3171,-122.5331,37.3171,-122.5331,8,,401677675,-138
254030,254030,UT,DS,2,0,0,234,234,13:42:59 17-Apr-2024,CS,B,37.3257,-122.5392,37.3257,-122.5392,8,,401677687,-142
254030,254030,UT,DS,2,0,0,40,40,14:04:22 17-Apr-2024,A1,B,37.3439,-122.5789,37.3439,-122.5789,6,,401677678,-135
254030,254030,UT,DS,1,0,0,,,14:17:22 17-Apr-2024,SR,B,37.3458,-122.5835,37.3458,-122.5835,6,,401677683,-131
254030,254030,UT,DS,1,0,0,,,15:28:19 17-Apr-2024,CS,B,37.3474,-122.5845,37.3474,-122.5845,8,,401677695,-138
254030,254030,UT,DS,2,0,0,42,42,15:59:52 17-Apr-2024,NK,B,37.3301,-122.6006,37.3301,-122.6006,8,,401677695,-129
254030,254030,UT,DS,1,0,0,,,17:12:18 17-Apr-2024,NP,B,37.3234,-122.6129,37.3234,-122.6129,8,,401677696,-133
254030,254030,UT,DS,3,0,0,102,85,18:33:57 17-Apr-2024,MC,A,37.2840,-122.5469,37.2840,-122.5469,8,,401677687,-130
254030,254030,UT,DS,1,0,1,,,18:33:57 17-Apr-2024,NN,B,37.2840,-122.5469,37.2840,-122.5469,,,401677696,-135
254030,254030,UT,DS,2,0,1,159,159,18:51:38 17-Apr-2024,NP,B,37.2808,-122.5647,37.2808,-122.5647,6,,401677705,-133
254030,254030,UT,DS,1,0,0,,,20:14:50 17-Apr-2024,NN,B,37.2667,-122.5536,37.2667,-122.5536,8,,401677700,-133
254030,254030,UT,DS,2,0,0,120,120,21:11:39 17-Apr-2024,O3,B,37.3205,-122.5707,37.3205,-122.5707,8,,401677671,-133
254030,254030,UT,DS,2,0,0,176,176,00:59:25 18-Apr-2024,CS,B,37.2905,-122.5558,37.2905,-122.5558,8,,401677696,-133
254030,254030,UT,DS,1,0,0,,,01:29:49 18-Apr-2024,A1,B,37.2895,-122.5480,37.2895,-122.5480,8,,401677700,-139
254030,254030,UT,DS,1,0,0,,,02:26:56 18-Apr-2024,SR,B,37.2873,-122.5429,37.2873,-122.5429,8,,401677694,-133
254030,254030,UT,DS,2,0,0,287,287,03:05:22 18-Apr-2024,A1,B,37.2898,-122.5154,37.2898,-122.5154,8,,401677687,-137
254030,254030,UT,DS,1,0,0,,,03:16:27 18-Apr-2024,NK,B,37.3007,-122.5447,37.3007,-122.5447,7,,401677705,-128
254030,254030,UT,DS,2,0,0,135,135,04:08:36 18-Apr-2024,SR,B,37.3167,-122.5156,37.3167,-122.5156,8,,401677683,-137
254030,254030,UT,DS,1,0,1,,,04:33:07 18-Apr-2024,NP,B,37.3291,-122.5090,37.3291,-122.5090,6,,401677697,-133
254030,254030,UT,DS,2,0,0,395,395,05:04:40 18-Apr-2024,MB,B,37.3142,-122.5089,37.3142,-122.5089,8,,401677698,-133
254030,254030,UT,DS,1,0,0,,,05:59:25 18-Apr-2024,MC,B,37.3098,-122.5032,37.3098,-122.5032,8,,401677691,-131
254030,254030,UT,DS,2,0,0,327,327,06:12:05 18-Apr-2024,NP,B,37.3082,-122.5399,37.3082,-122.5399,6,,401677702,-135
254030,254030,UT,DS,3,0,0,133,94,08:21:57 18-Apr-2024,O3,A,37.3694,-122.5967,37.3694,-122.5967,8,,401677684,-130
254030,254030,UT,DS,1,0,0,,,15:34:34 18-Apr-2024,NK,B,37.3876,-122.6408,37.3876,-122.6408,8,,401677701,-128
254030,254030,UT,DS,1,0,0,,,16:32:22 18-Apr-2024,MC,B,37.4097,-122.6883,37.4097,-122.6883,8,,401677676,-132
254030,254030,UT,DS,1,0,0,,,17:22:37 18-Apr-2024,MB,B,37.4041,-122.7027,37.4041,-122.7027,8,,401677678,-133
254030,254030,UT,DS,2,0,0,65,65,18:21:15 18-Apr-2024,MC,B,37.4294,-122.7237,37.4294,-122.7237,8,,401677683,-131
254030,254030,UT,DS,3,0,0,36,35,18:21:30 18-Apr-2024,NN,A,37.4035,-122.7561,37.4035,-122.7561,6,,401677699,-129
254030,254030,UT,DS,3,0,1,199,85,20:27:46 18-Apr-2024,O3,A,37.4162,-122.7647,37.4162,-122.7647,8,,401677682,-128
254030,254030,UT,DS,2,0,1,164,164,00:14:13 19-Apr-2024,CS,B,37.4609,-122.8203,37.4609,-122.8203,8,,401677683,-135
254030,254030,UT,DS,2,0,0,75,75,01:59:25 19-Apr-2024,SR,B,37.4757,-122.7995,37.4757,-122.7995,8,,401677677,-131
254030,254030,UT,DS,2,0,1,50,50,02:01:04 19-Apr-2024,CS,B,37.4791,-122.7901,37.4791,-122.7901,6,,401677678,-138
254030,254030,UT,DS,1,0,0,,,03:38:47 19-Apr-2024,SR,B,37.4869,-122.8159,37.4869,-122.8159,8,,401677693,-131
254030,254030,UT,DS,2,0,1,124,124,04:24:50 19-Apr-2024,NP,B,37.4701,-122.7905,37.4701,-122.7905,8,,401677684,-132
254030,254030,UT,DS,2,0,0,165,165,04:28:05 19-Apr-2024,NK,B,37.4788,-122.7787,37.4788,-122.7787,6,,401677687,-137
254030,254030,UT,DS,2,0,0,198,198,05:35:58 19-Apr-2024,MC,B,37.5011,-122.8130,37.5011,-122.8130,7,,401677700,-124
254030,254030,UT,DS,2,0,0,315,315,07:34:40 19-Apr-2024,O3,B,37.5033,-122.8368,37.5033,-122.8368,8,,401677684,-134
254030,254030,UT,DS,1,0,0,,,13:12:31 19-Apr-2024,SR,B,37.4899,-122.9307,37.4899,-122.9307,8,,401677658,-132
254030,254030,UT,DS,1,0,0,,,14:08:11 19-Apr-2024,CS,B,37.4593,-122.8585,37.4593,-122.8585,7,,401677685,-142
254030,254030,UT,DS,2,0,0,154,154,14:51:24 19-Apr-2024,SR,B,37.4452,-122.8119,37.4452,-122.8119,8,,401677670,-135
254030,254030,UT,DS,1,0,0,,,16:45:12 19-Apr-2024,NK,B,37.3980,-122.7805,37.3980,-122.7805,7,,401677705,-135
254030,254030,UT,DS,1,0,0,,,18:04:41 19-Apr-2024,NN,B,37.3901,-122.7841,37.3901,-122.7841,8,,401677689,-137
254030,254030,UT,DS,1,0,0,,,18:22:15 19-Apr-2024,NP,B,37.3861,-122.7751,37.3861,-122.7751,6,,401677681,-139
254030,254030,UT,DS,1,0,0,,,19:41:38 19-Apr-2024,O3,B,37.3677,-122.7571,37.3677,-122.7571,8,,401677684,-134
254030,254030,UT,DS,2,0,0,32,32,21:21:01 19-Apr-2024,O3,B,37.3207,-122.7525,37.3207,-122.7525,8,,401677689,-133
254030,254030,UT,DS,1,0,0,,,23:41:55 19-Apr-2024,CS,B,37.2803,-122.7306,37.2803,-122.7306,8,,401677694,-139
254030,254030,UT,DS,1,0,0,,,01:13:10 20-Apr-2024,CS,B,37.2559,-122.7162,37.2559,-122.7162,8,,401677692,-137
254030,254030,UT,DS,2,0,0,169,169,01:28:15 20-Apr-2024,SR,B,37.3025,-122.7055,37.3025,-122.7055,6,,401677668,-132
254030,254030,UT,DS,1,0,0,,,02:21:42 20-Apr-2024,NK,B,37.3019,-122.6857,37.3019,-122.6857,7,,401677686,-130
254030,254030,UT,DS,1,0,0,,,02:21:42 20-Apr-2024,A1,B,37.2866,-122.6957,37.2866,-122.6957,8,,401677670,-133
254030,254030,UT,DS,2,0,0,283,283,03:08:35 20-Apr-2024,SR,B,37.3044,-122.6747,37.3044,-122.6747,8,,401677680,-129
254030,254030,UT,DS,2,0,0,98,98,05:11:40 20-Apr-2024,MC,B,37.3036,-122.6636,37.3036,-122.6636,8,,401677679,-130
254030,254030,UT,DS,2,0,0,174,174,05:48:45 20-Apr-2024,NP,B,37.2962,-122.6644,37.2962,-122.6644,8,,401677685,-135
254030,254030,UT,DS,3,0,0,219,154,06:49:46 20-Apr-2024,O3,A,37.2991,-122.6588,37.2991,-122.6588,8,,401677678,-134
254030,254030,UT,DS,1,0,0,,,08:33:18 20-Apr-2024,O3,B,37.2880,-122.6404,37.2880,-122.6404,8,,401677680,-134
254030,254030,UT,DS,2,0,0,174,174,12:43:29 20-Apr-2024,SR,B,37.2608,-122.5500,37.2608,-122.5500,8,,401677660,-133
254030,254030,UT,DS,2,0,0,326,326,13:22:50 20-Apr-2024,CS,B,37.2552,-122.5293,37.2552,-122.5293,6,,401677677,-130
254030,254030,UT,DS,2,0,0,420,420,14:26:13 20-Apr-2024,SR,B,37.2415,-122.4955,37.2415,-122.4955,8,,401677674,-132
254030,254030,UT,DS,1,0,0,,,14:26:13 20-Apr-2024,A1,B,37.2379,-122.4962,37.2379,-122.4962,,,401677666,-135
254030,254030,UT,DS,1,0,0,,,14:38:47 20-Apr-2024,NK,B,37.2316,-122.4912,37.2316,-122.4912,6,,401677675,-131
254030,254030,UT,DS,1,0,0,,,15:04:18 20-Apr-2024,CS,B,37.2334,-122.4936,37.2334,-122.4936,6,,401677671,-133
254030,254030,UT,DS,2,0,1,91,91,16:25:03 20-Apr-2024,NK,B,37.2893,-122.4820,37.2893,-122.4820,8,,401677673,-133
254030,254030,UT,DS,2,0,0,130,130,17:54:58 20-Apr-2024,NN,B,37.2257,-122.4119,37.2257,-122.4119,8,,401677683,-133
254030,254030,UT,DS,1,0,0,,,18:56:33 20-Apr-2024,O3,B,37.3188,-122.6016,37.3188,-122.6016,7,,401677700,-138
254030,254030,UT,DS,1,0,0,,,19:32:48 20-Apr-2024,NN,B,37.3208,-122.6000,37.3208,-122.6000,8,,401677680,-135
254030,254030,UT,DS,2,0,1,296,296,20:36:58 20-Apr-2024,O3,B,37.2762,-122.5907,,,8,,401677684,-134
254030,254030,UT,DS,1,0,0,,,00:31:18 21-Apr-2024,CS,B,37.2345,-122.5831,37.2345,-122.5831,8,,401677676,-138
254030,254030,UT,DS,1,0,0,,,00:54:17 21-Apr-2024,SR,B,37.1944,-122.5687,37.1944,-122.5687,6,,401677696,-134
254030,254030,UT,DS,3,0,0,205,151,02:30:07 21-Apr-2024,SR,A,37.1671,-122.3838,37.1671,-122.3838,8,,401677678,-135
254030,254030,UT,DS,1,0,0,,,03:16:20 21-Apr-2024,MC,B,37.1588,-122.3591,37.1588,-122.3591,7,,401677690,-131
254030,254030,UT,DS,1,0,0,,,03:37:21 21-Apr-2024,NK,B,37.1600,-122.3595,37.1600,-122.3595,6,,401677692,-130
254030,254030,UT,DS,1,0,0,,,03:56:30 21-Apr-2024,NP,B,37.1552,-122.3493,37.1552,-122.3493,6,,401677677,-135
254030,254030,UT,DS,1,0,0,,,04:50:59 21-Apr-2024,MC,B,37.1475,-122.3255,37.1475,-122.3255,8,,401677667,-125
254030,254030,UT,DS,1,0,0,,,05:36:41 21-Apr-2024,NP,B,37.1564,-122.3436,37.1564,-122.3436,7,,401677679,-133
254030,254030,UT,DS,1,0,0,,,06:33:03 21-Apr-2024,MC,B,37.1520,-122.3271,37.1520,-122.3271,8,,401677679,-130
254030,254030,UT,DS,2,0,0,148,148,07:00:34 21-Apr-2024,NN,B,37.1744,-122.4214,37.1744,-122.4214,6,,401677645,-130
254030,254030,UT,DS,1,0,0,,,07:40:38 21-Apr-2024,O3,B,37.1563,-122.4190,37.1563,-122.4190,6,,401677673,-142
254030,254030,UT,DS,2,0,1,155,155,12:11:57 21-Apr-2024,SR,B,37.0980,-122.4550,37.0980,-122.4550,8,,401677704,-133
254030,254030,UT,DS,1,0,1,,,13:51:38 21-Apr-2024,SR,B,37.1329,-122.4751,37.1329,-122.4751,8,,401677696,-131
254030,254030,UT,DS,1,0,0,,,14:00:41 21-Apr-2024,A1,B,37.1392,-122.4753,37.1392,-122.4753,6,,401677687,-139
254030,254030,UT,DS,1,0,0,,,16:00:25 21-Apr-2024,NK,B,37.1334,-122.4697,37.1334,-122.4697,8,,401677674,-137
254030,254030,UT,DS,2,0,0,148,148,17:12:26 21-Apr-2024,MC,B,37.2029,-122.4717,37.2029,-122.4717,8,,401677646,-131
254030,254030,UT,DS,1,0,0,,,18:07:39 21-Apr-2024,NP,B,37.2264,-122.4795,37.2264,-122.4795,6,,401677669,-140
254030,254030,UT,DS,1,0,0,,,21:29:05 21-Apr-2024,O3,B,37.2701,-122.4799,37.2701,-122.4799,8,,401677674,-136
254030,254030,UT,DS,1,0,0,,,02:07:14 22-Apr-2024,SR,B,37.3441,-122.5020,37.3441,-122.5020,8,,401677698,-135
254030,254030,UT,DS,1,0,1,,,03:04:23 22-Apr-2024,A1,B,37.2756,-122.5198,37.2756,-122.5198,8,,401677690,-135
254030,254030,UT,DS,1,0,0,,,04:33:49 22-Apr-2024,MC,B,37.3133,-122.5488,37.3133,-122.5488,8,,401677703,-128
254030,254030,UT,DS,1,0,0,,,06:11:52 22-Apr-2024,MC,B,37.3283,-122.5652,37.3283,-122.5652,8,,401677707,-130
254030,254030,UT,DS,1,0,0,,,06:47:31 22-Apr-2024,NN,B,37.3372,-122.5609,37.3372,-122.5609,8,,401677716,-133
254030,254030,UT,DS,1,0,0,,,07:02:11 22-Apr-2024,O3,B,37.3402,-122.5559,37.3402,-122.5559,6,,401677710,-139
254030,254030,UT,DS,1,0,1,,,13:42:50 22-Apr-2024,CS,B,37.4247,-122.6338,37.4247,-122.6338,8,,401677714,-134
254030,254030,UT,DS,1,0,0,,,15:25:49 22-Apr-2024,NK,B,37.4311,-122.6735,37.4311,-122.6735,8,,401677678,-132
254030,254030,UT,DS,1,0,0,,,18:31:12 22-Apr-2024,MC,B,37.4316,-122.7169,37.4316,-122.7169,8,,401677689,-129
254030,254030,UT,DS,1,0,0,,,19:16:10 22-Apr-2024,NN,B,37.4473,-122.7634,37.4473,-122.7634,8,,401677674,-135
254030,254030,UT,DS,2,0,0,193,193,02:48:58 23-Apr-2024,NK,B,37.4473,-122.8693,37.4473,-122.8693,8,,401677668,-130
254030,254030,UT,DS,1,0,0,,,04:23:07 23-Apr-2024,NK,B,37.4558,-122.8558,37.4558,-122.8558,7,,401677692,-137
254030,254030,UT,DS,1,0,1,,,14:24:06 23-Apr-2024,SR,B,37.4426,-122.8244,37.4426,-122.8244,8,,401677676,-135
254030,254030,UT,DS,1,0,0,,,16:44:39 23-Apr-2024,NK,B,37.4409,-122.8810,37.4409,-122.8810,8,,401677677,-135
254030,254030,UT,DS,1,0,0,,,18:10:34 23-Apr-2024,MC,B,37.4255,-122.9457,37.4255,-122.9457,8,,401677679,-129
254030,254030,UT,DS,1,0,0,,,18:56:51 23-Apr-2024,NN,B,37.4262,-122.9141,37.4262,-122.9141,7,,401677697,-137
254030,254030,UT,DS,1,0,0,,,21:39:18 23-Apr-2024,O3,B,37.4251,-122.9389,37.4251,-122.9389,8,,401677694,-134
254030,254030,UT,DS,1,0,1,,,00:14:56 24-Apr-2024,CS,B,37.3752,-122.8875,37.3752,-122.8875,8,,401677653,-134
254030,254030,UT,DS,1,0,0,,,00:58:43 24-Apr-2024,SR,B,37.3666,-122.8531,37.3666,-122.8531,6,,401677674,-133
254030,254030,UT,DS,1,0,0,,,02:19:05 24-Apr-2024,A1,B,37.4207,-122.7656,37.4207,-122.7656,8,,401677677,-128
254030,254030,UT,DS,1,0,1,,,02:41:06 24-Apr-2024,SR,B,37.4197,-122.7519,37.4197,-122.7519,8,,401677676,-131
254030,254030,UT,DS,1,0,0,,,03:52:14 24-Apr-2024,MC,B,37.4566,-122.7580,37.4566,-122.7580,6,,401677720,-131
254030,254030,UT,DS,1,0,0,,,03:52:14 24-Apr-2024,A1,B,37.4302,-122.7431,37.4302,-122.7431,6,,401677705,-137
254030,254030,UT,DS,1,0,0,,,04:04:52 24-Apr-2024,NK,B,37.4572,-122.7633,37.4572,-122.7633,6,,401677717,-129
254030,254030,UT,DS,1,0,0,,,04:19:53 24-Apr-2024,SR,B,37.4535,-122.7451,37.4535,-122.7451,6,,401677713,-135
254030,254030,UT,DS,2,0,0,197,197,05:00:41 24-Apr-2024,NP,B,37.4935,-122.7477,37.4935,-122.7477,8,,401677708,-126
254030,254030,UT,DS,2,0,0,102,102,05:31:39 24-Apr-2024,MC,B,37.4972,-122.7904,37.4972,-122.7904,8,,401677709,-121
254030,254030,UT,DS,1,0,0,,,06:27:16 24-Apr-2024,NN,B,37.5144,-122.8027,37.5144,-122.8027,8,,401677702,-133
254030,254030,UT,DS,1,0,1,,,07:10:31 24-Apr-2024,O3,B,37.5189,-122.8050,37.5189,-122.8050,8,,401677702,-133
254030,254030,UT,DS,2,0,0,191,191,08:04:18 24-Apr-2024,NN,B,37.5097,-122.7766,37.5097,-122.7766,8,,401677709,-135
254030,254030,UT,DS,1,0,0,,,08:44:40 24-Apr-2024,O3,B,37.5278,-122.8154,37.5278,-122.8154,8,,401677697,-133
254030,254030,UT,DS,1,0,0,,,12:21:34 24-Apr-2024,CS,B,37.5501,-122.8392,37.5501,-122.8392,8,,401677725,-134
254030,254030,UT,DS,2,0,1,244,244,13:53:37 24-Apr-2024,SR,B,37.4649,-122.7647,37.4649,-122.7647,8,,401677695,-132
254030,254030,UT,DS,1,0,1,,,13:55:39 24-Apr-2024,CS,B,37.5332,-122.8262,37.5332,-122.8262,8,,401677699,-134
254030,254030,UT,DS,1,0,0,,,14:28:08 24-Apr-2024,A1,B,37.4968,-122.8434,37.4968,-122.8434,8,,401677684,-137
254030,254030,UT,DS,1,0,0,,,16:21:40 24-Apr-2024,NK,B,37.4681,-122.8676,37.4681,-122.8676,8,,401677697,-129
254030,254030,UT,DS,4,0,0,161,44,17:20:07 24-Apr-2024,NP,2,37.4422,-122.7814,37.4422,-122.7814,58,,401677703,-137
254030,254030,UT,DS,3,0,0,132,40,18:45:03 24-Apr-2024,NN,A,37.4440,-122.8218,37.4440,-122.8218,8,,401677683,-130
254030,254030,UT,DS,1,0,0,,,19:02:58 24-Apr-2024,NP,B,37.4441,-122.8217,,,6,,401677683,-136
254030,254030,UT,DS,1,0,0,,,19:14:18 24-Apr-2024,O3,B,37.4408,-122.8259,37.4408,-122.8259,6,,401677690,-134
254030,254030,UT,DS,2,0,0,43,43,20:30:09 24-Apr-2024,NN,B,37.4727,-122.8249,37.4727,-122.8249,7,,401677712,-132
254030,254030,UT,DS,2,0,0,191,191,20:51:32 24-Apr-2024,O3,B,37.4204,-122.7775,37.4204,-122.7775,8,,401677694,-135
254030,254030,UT,DS,1,0,1,,,23:32:05 24-Apr-2024,CS,B,37.4196,-122.7815,37.4196,-122.7815,8,,401677715,-139
254030,254030,UT,DS,3,0,1,254,150,01:09:36 25-Apr-2024,CS,A,37.4134,-122.7500,37.4134,-122.7500,8,,401677695,-132
254030,254030,UT,DS,2,0,0,90,90,01:54:49 25-Apr-2024,NK,B,37.4272,-122.8007,37.4272,-122.8007,,,401677681,-128
254030,254030,UT,DS,2,0,0,90,90,01:54:49 25-Apr-2024,A1,B,37.4080,-122.7803,37.4080,-122.7803,8,,401677648,-128
254030,254030,UT,DS,4,1,0,,,02:06:51 25-Apr-2024,SR,1,37.4434,-122.8148,37.4434,-122.8148,46,,401677693,-126
254030,254030,UT,DS,1,0,1,,,03:30:53 25-Apr-2024,A1,B,37.4437,-122.8399,37.4437,-122.8399,8,,401677690,-138
254030,254030,UT,DS,2,0,0,68,68,03:51:22 25-Apr-2024,SR,B,37.4655,-122.8181,37.4655,-122.8181,6,,401677708,-133
254030,254030,UT,DS,3,0,1,214,150,05:13:04 25-Apr-2024,MC,A,37.4869,-122.8802,37.4869,-122.8802,8,,401677714,-126
254030,254030,UT,DS,1,0,0,,,06:11:33 25-Apr-2024,NN,B,37.4912,-122.8933,37.4912,-122.8933,8,,401677708,-126
254030,254030,UT,DS,1,0,0,,,06:33:41 25-Apr-2024,NP,B,37.4919,-122.8815,37.4919,-122.8815,6,,401677726,-135
254030,254030,UT,DS,3,0,0,83,80,06:51:39 25-Apr-2024,MC,A,37.5064,-122.8275,37.5064,-122.8275,6,,401677717,-130
254030,254030,UT,DS,2,0,0,77,77,07:59:39 25-Apr-2024,O3,B,37.5043,-122.8504,37.5043,-122.8504,8,,401677713,-122
254030,254030,UT,DS,1,0,1,,,12:30:07 25-Apr-2024,A1,B,37.4879,-122.9201,37.4879,-122.9201,8,,401677683,-137
254030,254030,UT,DS,4,0,0,143,71,13:18:07 25-Apr-2024,CS,1,37.4347,-122.8080,37.4347,-122.8080,46,,401677732,-130
254030,254030,UT,DS,2,0,0,148,148,13:23:28 25-Apr-2024,SR,B,37.4333,-122.8105,37.4333,-122.8105,6,,401677715,-130
254030,254030,UT,DS,2,0,1,282,282,14:01:57 25-Apr-2024,A1,B,37.4199,-122.8067,37.4199,-122.8067,8,,401677705,-129
254030,254030,UT,DS,2,0,0,148,148,15:02:59 25-Apr-2024,SR,B,37.4111,-122.7720,37.4111,-122.7720,8,,401677689,-130
254030,254030,UT,DS,1,0,0,,,15:01:45 25-Apr-2024,CS,B,37.4061,-122.7999,37.4061,-122.7999,8,,401677700,-138
254030,254030,UT,DS,2,0,0,223,223,17:12:29 25-Apr-2024,NP,B,37.3767,-122.7587,37.3767,-122.7587,8,,401677692,-129
254030,254030,UT,DS,2,0,0,275,275,17:30:47 25-Apr-2024,MC,B,37.3758,-122.7596,37.3758,-122.7596,6,,401677691,-128
254030,254030,UT,DS,4,0,0,164,73,18:31:13 25-Apr-2024,NN,1,37.4175,-122.7300,37.4175,-122.7300,47,,401677714,-129
254030,254030,UT,DS,3,0,1,195,134,18:50:47 25-Apr-2024,NP,A,37.4035,-122.7298,37.4035,-122.7298,6,,401677707,-129
254030,254030,UT,DS,1,0,0,,,19:14:07 25-Apr-2024,MC,B,37.4043,-122.7329,37.4043,-122.7329,6,,401677695,-129
254030,254030,UT,DS,3,0,0,84,32,20:07:46 25-Apr-2024,O3,A,37.4149,-122.7753,37.4149,-122.7753,7,,401677715,-128
254030,254030,UT,DS,2,0,1,390,390,20:13:15 25-Apr-2024,NN,B,37.4142,-122.7819,37.4142,-122.7819,6,,401677707,-137
254030,254030,UT,DS,4,0,0,152,61,00:27:16 26-Apr-2024,CS,1,37.4557,-122.7659,37.4557,-122.7659,48,,401677710,-130
254030,254030,UT,DS,1,0,0,,,01:30:12 26-Apr-2024,A1,B,37.4711,-122.7739,37.4711,-122.7739,8,,401677682,-135
254030,254030,UT,DS,1,0,0,,,01:30:12 26-Apr-2024,NK,B,37.4599,-122.7678,37.4599,-122.7678,8,,401677702,-131
254030,254030,UT,DS,3,0,0,97,76,01:38:05 26-Apr-2024,SR,A,37.4815,-122.7579,,,6,,401677687,-128
254030,254030,UT,DS,4,0,0,113,51,02:09:21 26-Apr-2024,CS,1,37.4936,-122.7284,37.4936,-122.7284,56,,401677700,-130
254030,254030,UT,DS,2,0,0,388,388,03:04:34 26-Apr-2024,A1,B,37.5079,-122.7184,,,6,,401677729,-136
254030,254030,UT,DS,1,0,0,,,03:07:48 26-Apr-2024,NK,B,37.5081,-122.7181,37.5081,-122.7181,6,,401677723,-132
254030,254030,UT,DS,2,0,0,110,110,03:15:18 26-Apr-2024,SR,B,37.5076,-122.7188,37.5076,-122.7188,6,,401677729,-132
254030,254030,UT,DS,1,0,1,,,04:39:52 26-Apr-2024,NP,B,37.5285,-122.6966,37.5285,-122.6966,8,,401677729,-129
254030,254030,UT,DS,5,0,1,121,74,04:51:17 26-Apr-2024,MC,3,37.5349,-122.7270,37.5349,-122.7270,56,,401677727,-120
254030,254030,UT,DS,2,0,0,151,151,04:47:52 26-Apr-2024,NK,B,37.5282,-122.6966,37.5282,-122.6966,6,,401677732,-135
254030,254030,UT,DS,1,0,0,,,06:00:02 26-Apr-2024,NN,B,37.5516,-122.7081,37.5516,-122.7081,8,,401677726,-130
254030,254030,UT,DS,3,0,0,166,86,06:16:19 26-Apr-2024,NP,A,37.5416,-122.7336,37.5416,-122.7336,6,,401677725,-132
254030,254030,UT,DS,5,0,1,104,71,06:29:57 26-Apr-2024,MC,2,37.5402,-122.7400,37.5402,-122.7400,56,,401677729,-122
254030,254030,UT,DS,6,0,2,85,74,07:12:30 26-Apr-2024,O3,3,37.5520,-122.7463,37.5520,-122.7463,58,,401677721,-131
254030,254030,UT,DS,1,0,0,,,07:35:09 26-Apr-2024,NN,B,37.5579,-122.7433,37.5579,-122.7433,6,,401677724,-137
254030,254030,UT,DS,2,0,0,57,57,14:19:00 26-Apr-2024,CS,B,37.4178,-122.7840,37.4178,-122.7840,8,,401677714,-131
254030,254030,UT,DS,1,0,0,,,14:31:52 26-Apr-2024,SR,B,37.4131,-122.7469,37.4131,-122.7469,6,,401677693,-134
254030,254030,UT,DS,4,0,0,102,60,15:28:08 26-Apr-2024,NK,1,37.3885,-122.7107,37.3885,-122.7107,58,,401677699,-128
254030,254030,UT,DS,2,0,0,98,98,16:58:30 26-Apr-2024,NP,B,37.3865,-122.6753,,,8,,401677707,-130
254030,254030,UT,DS,4,0,0,69,59,17:08:00 26-Apr-2024,MC,0,37.3613,-122.6181,37.3613,-122.6181,46,,401677694,-122
254030,254030,UT,DS,2,0,0,366,366,18:15:50 26-Apr-2024,NN,B,37.3611,-122.5909,37.3611,-122.5909,8,,401677706,-137
254030,254030,UT,DS,3,0,0,46,45,18:40:00 26-Apr-2024,NP,A,37.3286,-122.5451,37.3286,-122.5451,6,,401677701,-131
254030,254030,UT,DS,2,0,0,119,119,19:20:06 26-Apr-2024,O3,B,37.3243,-122.5299,37.3243,-122.5299,7,,401677713,-128
254030,254030,UT,DS,2,0,0,190,190,20:04:55 26-Apr-2024,NN,B,37.3004,-122.5162,37.3004,-122.5162,8,,401677704,-133
254030,254030,UT,DS,1,0,1,,,20:59:17 26-Apr-2024,O3,B,37.2894,-122.4974,37.2894,-122.4974,8,,401677703,-140
254030,254030,UT,DS,5,0,0,121,73,01:24:30 27-Apr-2024,CS,1,37.2808,-122.4649,37.2808,-122.4649,48,,401677700,-130
254030,254030,UT,DS,4,0,1,147,70,04:22:41 27-Apr-2024,NP,2,37.2969,-122.5008,37.2969,-122.5008,58,,401677719,-126
254030,254030,UT,DS,4,0,0,108,70,04:30:08 27-Apr-2024,MC,3,37.2978,-122.5134,37.2978,-122.5134,56,,401677711,-126
254030,254030,UT,DS,2,0,0,173,173,04:28:55 27-Apr-2024,NK,B,37.2974,-122.5001,37.2974,-122.5001,6,,401677708,-132
254030,254030,UT,DS,1,0,0,,,05:23:03 27-Apr-2024,MB,B,37.2932,-122.5064,37.2932,-122.5064,8,,401677709,-130
254030,254030,UT,DS,2,0,0,324,324,06:04:34 27-Apr-2024,NP,B,37.3051,-122.5218,37.3051,-122.5218,8,,401677711,-133
254030,254030,UT,DS,3,0,0,73,54,06:11:19 27-Apr-2024,MC,A,37.3001,-122.4870,37.3001,-122.4870,6,,401677709,-122
254030,254030,UT,DS,1,0,0,,,07:19:50 27-Apr-2024,NN,B,37.3011,-122.4839,37.3011,-122.4839,8,,401677702,-140
254030,254030,UT,DS,2,0,0,71,71,08:04:41 27-Apr-2024,O3,B,37.3036,-122.4849,37.3036,-122.4849,8,,401677706,-131
254030,254030,UT,DS,3,0,0,167,89,12:21:59 27-Apr-2024,SR,A,37.2515,-122.4950,37.2515,-122.4950,8,,401677708,-130
254030,254030,UT,DS,2,0,0,117,117,13:14:17 27-Apr-2024,A1,B,37.2304,-122.4905,37.2304,-122.4905,8,,401677705,-129
254030,254030,UT,DS,2,0,0,73,73,13:34:42 27-Apr-2024,CS,B,37.2205,-122.4983,37.2205,-122.4983,6,,401677700,-130
254030,254030,UT,DS,1,0,1,,,14:01:16 27-Apr-2024,SR,B,37.2154,-122.4975,37.2154,-122.4975,6,,401677696,-127
254030,254030,UT,DS,1,0,0,,,14:59:00 27-Apr-2024,NK,B,37.2062,-122.4946,37.2062,-122.4946,8,,401677699,-129
254030,254030,UT,DS,3,0,0,224,38,16:42:17 27-Apr-2024,NK,A,37.1780,-122.4792,37.1780,-122.4792,8,,401677705,-132
254030,254030,UT,DS,3,0,0,75,68,16:47:12 27-Apr-2024,NP,A,37.1833,-122.4718,37.1833,-122.4718,6,,401677708,-130
254030,254030,UT,DS,5,0,0,104,37,16:47:12 27-Apr-2024,MC,2,37.1906,-122.4820,37.1906,-122.4820,50,,401677713,-124
254030,254030,UT,DS,1,0,0,,,18:10:48 27-Apr-2024,NN,B,37.1804,-122.4762,37.1804,-122.4762,8,,401677696,-133
254030,254030,UT,DS,2,0,1,315,315,18:26:22 27-Apr-2024,MC,B,37.2184,-122.5046,37.2184,-122.5046,6,,401677715,-127
254030,254030,UT,DS,2,0,0,315,315,18:28:59 27-Apr-2024,NP,B,37.2186,-122.5058,37.2186,-122.5058,6,,401677708,-128
254030,254030,UT,DS,1,0,0,,,20:10:13 27-Apr-2024,MC,B,37.2010,-122.5032,37.2010,-122.5032,8,,401677712,-132
254030,254030,UT,DS,3,0,1,180,91,20:12:44 27-Apr-2024,O3,A,37.2237,-122.5141,37.2237,-122.5141,8,,401677718,-128
254030,254030,UT,DS,3,0,0,213,131,02:14:20 28-Apr-2024,SR,A,37.2594,-122.5588,37.2594,-122.5588,8,,401677705,-129
254030,254030,UT,DS,2,0,0,225,225,02:16:28 28-Apr-2024,A1,B,37.2575,-122.5588,37.2575,-122.5588,6,,401677707,-127
254030,254030,UT,DS,1,0,0,,,02:18:20 28-Apr-2024,NK,B,37.2592,-122.5575,37.2592,-122.5575,6,,401677731,-126
254030,254030,UT,DS,1,0,0,,,02:29:15 28-Apr-2024,CS,B,37.2304,-122.5239,37.2304,-122.5239,6,,401677725,-136
254030,254030,UT,DS,1,0,0,,,04:01:15 28-Apr-2024,NK,B,37.2320,-122.5174,37.2320,-122.5174,8,,401677743,-127
254030,254030,UT,DS,1,0,0,,,04:13:18 28-Apr-2024,NP,B,37.2363,-122.5314,37.2363,-122.5314,6,,401677750,-129
254030,254030,UT,DS,1,0,0,,,04:13:18 28-Apr-2024,MC,B,37.2517,-122.5248,37.2517,-122.5248,,,401677735,-125
254030,254030,UT,DS,1,0,0,,,05:31:18 28-Apr-2024,NN,B,37.2633,-122.5121,37.2633,-122.5121,8,,401677740,-130
254030,254030,UT,DS,1,0,0,,,07:24:44 28-Apr-2024,O3,B,37.2712,-122.4936,37.2712,-122.4936,8,,401677723,-129
254030,254030,UT,DS,2,0,0,173,173,13:29:18 28-Apr-2024,SR,B,37.2529,-122.4777,37.2529,-122.4777,8,,401677706,-127
254030,254030,UT,DS,1,0,1,,,14:24:06 28-Apr-2024,A1,B,37.2526,-122.4697,37.2526,-122.4697,8,,401677699,-134
254030,254030,UT,DS,2,0,0,277,277,14:35:21 28-Apr-2024,CS,B,37.2186,-122.5109,37.2186,-122.5109,6,,401677712,-132
254030,254030,UT,DS,1,0,0,,,15:09:07 28-Apr-2024,SR,B,37.2153,-122.5034,37.2153,-122.5034,8,,401677701,-132
254030,254030,UT,DS,3,0,0,72,36,16:13:22 28-Apr-2024,NK,A,37.2061,-122.5556,37.2061,-122.5556,8,,401677709,-123
254030,254030,UT,DS,2,0,0,461,461,18:04:23 28-Apr-2024,MC,B,37.2714,-122.5633,37.2714,-122.5633,8,,401677724,-127
254030,254030,UT,DS,1,0,0,,,18:15:50 28-Apr-2024,NP,B,37.2691,-122.5684,37.2691,-122.5684,6,,401677738,-132
254030,254030,UT,DS,1,0,0,,,18:59:14 28-Apr-2024,MB,B,37.2754,-122.5693,37.2754,-122.5693,8,,401677745,-135
254030,254030,UT,DS,5,0,0,119,72,21:04:03 28-Apr-2024,O3,2,37.2661,-122.4845,37.2661,-122.4845,48,,401677714,-136
254030,254030,UT,DS,4,0,0,81,36,00:04:45 29-Apr-2024,CS,1,37.2220,-122.6080,37.2220,-122.6080,58,,401677697,-134
254030,254030,UT,DS,5,0,0,70,30,03:24:07 29-Apr-2024,SR,1,37.2471,-122.5879,37.2471,-122.5879,58,,401677721,-128
254030,254030,UT,DS,1,0,0,,,03:24:56 29-Apr-2024,A1,B,37.2471,-122.5880,37.2471,-122.5880,6,,401677726,-137
254030,254030,UT,DS,1,0,0,,,03:58:12 29-Apr-2024,NP,B,37.2468,-122.5893,37.2468,-122.5893,8,,401677719,-132
254030,254030,UT,DS,3,0,0,199,64,05:25:15 29-Apr-2024,MC,A,37.2427,-122.6050,37.2427,-122.6050,8,,401677724,-123
254030,254030,UT,DS,1,0,1,,,07:06:28 29-Apr-2024,NN,B,37.2427,-122.6123,37.2427,-122.6123,8,,401677725,-137
254030,254030,UT,DS,2,0,0,478,478,13:54:29 29-Apr-2024,CS,B,37.3365,-122.5170,37.3365,-122.5170,8,,401677717,-132
254030,254030,UT,DS,1,0,0,,,13:58:27 29-Apr-2024,A1,B,37.3352,-122.5137,37.3352,-122.5137,6,,401677721,-137
254030,254030,UT,DS,4,0,1,89,75,16:24:27 29-Apr-2024,NP,0,37.2218,-122.5613,37.2218,-122.5613,58,,401677693,-134
254030,254030,UT,DS,1,0,1,,,20:20:32 29-Apr-2024,O3,B,37.0743,-122.5842,37.0743,-122.5842,8,,401677734,-135
254030,254030,UT,DS,1,0,0,,,21:00:13 29-Apr-2024,NN,B,37.0642,-122.5631,37.0642,-122.5631,8,,401677701,-137
254030,254030,UT,DS,3,0,2,186,182,23:25:36 29-Apr-2024,CS,A,37.0132,-122.3278,37.0132,-122.3278,8,,401677699,-132
254030,254030,UT,DS,3,0,0,173,77,01:10:42 30-Apr-2024,SR,A,37.0065,-122.4013,37.0065,-122.4013,8,,401677654,-135
254030,254030,UT,DS,3,0,0,173,138,02:51:51 30-Apr-2024,SR,A,36.9556,-122.4359,36.9556,-122.4359,8,,401677699,-131
254030,254030,UT,DS,3,0,0,224,204,03:06:27 30-Apr-2024,NK,A,36.9512,-122.4379,36.9512,-122.4379,6,,401677703,-127
254030,254030,UT,DS,1,0,0,,,03:04:25 30-Apr-2024,A1,B,36.9497,-122.4372,36.9497,-122.4372,6,,401677710,-139
254030,254030,UT,DS,2,0,1,368,368,03:25:45 30-Apr-2024,MC,B,36.9401,-122.4530,36.9401,-122.4530,6,,401677725,-131
254030,254030,UT,DS,1,0,1,,,04:30:59 30-Apr-2024,SR,B,36.9143,-122.4559,36.9143,-122.4559,7,,401677739,-138
254030,254030,UT,DS,1,0,0,,,05:10:17 30-Apr-2024,MC,B,36.9049,-122.4557,36.9049,-122.4557,8,,401677738,-124
254030,254030,UT,DS,2,0,0,238,238,05:29:57 30-Apr-2024,NP,B,36.8769,-122.4997,36.8769,-122.4997,6,,401677747,-131
254030,254030,UT,DS,1,0,0,,,05:55:15 30-Apr-2024,MB,B,36.8820,-122.5038,36.8820,-122.5038,6,,401677750,-133
254030,254030,UT,DS,2,0,0,392,392,06:48:03 30-Apr-2024,NN,B,36.8683,-122.5476,36.8683,-122.5476,8,,401677728,-131
254030,254030,UT,DS,1,0,0,,,06:51:19 30-Apr-2024,MC,B,36.8673,-122.5484,36.8673,-122.5484,6,,401677729,-131
254030,254030,UT,DS,1,0,0,,,07:31:29 30-Apr-2024,O3,B,36.8546,-122.5591,36.8546,-122.5591,8,,401677734,-136
254030,254030,UT,DS,1,0,0,,,13:37:43 30-Apr-2024,A1,B,36.8677,-122.5531,36.8677,-122.5531,8,,401677734,-132
254030,254030,UT,DS,3,0,0,173,112,14:04:15 30-Apr-2024,SR,A,36.8873,-122.5673,36.8873,-122.5673,6,,401677727,-124
254030,254030,UT,DS,2,0,2,64,64,14:50:46 30-Apr-2024,CS,B,35.1353,-119.7628,42.1871,-156.7401,,,401677721,-131
254030,254030,UT,DS,3,0,0,102,89,15:20:47 30-Apr-2024,NK,A,36.8930,-122.7087,33.1926,-104.9919,50,,401677721,-128
254030,254030,UT,DS,1,0,0,,,16:13:18 30-Apr-2024,NP,B,36.8941,-122.7081,36.8941,-122.7081,8,,401677715,-138
254030,254030,UT,DS,1,0,0,,,17:24:52 30-Apr-2024,MC,B,36.8890,-122.7011,36.8890,-122.7011,7,,401677732,-127
254030,254030,UT,DS,1,0,0,,,17:49:09 30-Apr-2024,NP,B,36.8864,-122.6946,36.8864,-122.6946,6,,401677713,-132
254030,254030,UT,DS,1,0,0,,,18:17:45 30-Apr-2024,MB,B,36.8884,-122.6957,36.8884,-122.6957,6,,401677705,-129
254030,254030,UT,DS,1,0,0,,,00:39:07 01-May-2024,SR,B,36.8933,-122.6860,36.8933,-122.6860,8,,401677699,-134
254030,254030,UT,DS,1,0,0,,,02:03:34 01-May-2024,CS,B,36.9270,-122.6796,36.9270,-122.6796,7,,401677719,-134
254030,254030,UT,DS,1,0,0,,,02:16:17 01-May-2024,SR,B,36.9340,-122.6761,36.9340,-122.6761,6,,401677708,-131
254030,254030,UT,DS,2,0,0,59,59,02:41:36 01-May-2024,NK,B,36.9454,-122.5546,36.9454,-122.5546,6,,401677686,-129
254030,254030,UT,DS,3,0,0,76,59,02:42:17 01-May-2024,A1,A,36.9337,-122.5449,36.9337,-122.5449,6,,401677713,-127
254030,254030,UT,DS,1,0,0,,,03:06:21 01-May-2024,MC,B,36.9324,-122.5454,36.9324,-122.5454,6,,401677696,-130
254030,254030,UT,DS,1,0,0,,,04:01:03 01-May-2024,SR,B,36.9277,-122.5416,,,6,,401677726,-131
254030,254030,UT,DS,1,0,1,,,04:57:55 01-May-2024,NN,B,36.9324,-122.5436,36.9324,-122.5436,8,,401677734,-140
254030,254030,UT,DS,2,0,0,80,80,05:21:19 01-May-2024,NP,B,36.8994,-122.6322,36.8994,-122.6322,6,,401677738,-136
254030,254030,UT,DS,1,0,0,,,05:38:47 01-May-2024,MB,B,36.8928,-122.5730,36.8928,-122.5730,6,,401677748,-132
254030,254030,UT,DS,1,0,0,,,06:29:04 01-May-2024,MC,B,36.8993,-122.5716,36.8993,-122.5716,8,,401677756,-121
254030,254030,UT,DS,3,0,1,301,114,06:38:11 01-May-2024,NN,A,36.9555,-122.5201,36.9555,-122.5201,6,,401677728,-127
254030,254030,UT,DS,1,0,0,,,06:42:25 01-May-2024,O3,B,36.9492,-122.5945,36.9492,-122.5945,6,,401677727,-139
254030,254030,UT,DS,2,0,0,141,141,08:23:13 01-May-2024,O3,B,36.9510,-122.5696,36.9510,-122.5696,8,,401677728,-125
254030,254030,UT,DS,1,0,0,,,12:34:28 01-May-2024,CS,B,36.9476,-122.5694,36.9476,-122.5694,8,,401677747,-133
254030,254030,UT,DS,1,0,0,,,13:38:13 01-May-2024,SR,B,36.9147,-122.5874,36.9147,-122.5874,8,,401677704,-129
254030,254030,UT,DS,1,0,0,,,14:13:17 01-May-2024,CS,B,36.8987,-122.5791,,,7,,401677716,-136
254030,254030,UT,DS,1,0,0,,,14:53:18 01-May-2024,NK,B,36.8899,-122.5788,36.8899,-122.5788,8,,401677709,-130
254030,254030,UT,DS,5,0,0,130,100,16:34:16 01-May-2024,NK,1,36.8942,-122.5758,36.8942,-122.5758,48,,401677692,-124
254030,254030,UT,DS,3,0,0,95,77,17:07:20 01-May-2024,MC,A,36.9424,-122.5313,36.9424,-122.5313,6,,401677691,-124
254030,254030,UT,DS,2,0,0,134,134,17:39:04 01-May-2024,NP,B,36.9476,-122.5240,36.9476,-122.5240,5,,401677757,-127
254030,254030,UT,DS,2,0,1,272,272,17:54:40 01-May-2024,MB,B,36.9477,-122.5144,36.9477,-122.5144,6,,401677730,-132
254030,254030,UT,DS,3,0,0,225,98,18:42:55 01-May-2024,MC,A,36.9313,-122.5268,36.9313,-122.5268,8,,401677715,-125
254030,254030,UT,DS,1,0,1,,,18:48:58 01-May-2024,O3,B,36.9327,-122.5283,36.9327,-122.5283,6,,401677713,-133
254030,254030,UT,DS,2,0,0,197,197,19:00:04 01-May-2024,NN,B,36.8930,-122.5383,36.8930,-122.5383,6,,401677718,-130
254030,254030,UT,DS,1,0,0,,,20:31:28 01-May-2024,O3,B,36.9019,-122.5218,36.9019,-122.5218,8,,401677728,-128
254030,254030,UT,DS,4,0,0,112,49,01:20:32 02-May-2024,CS,1,36.8603,-122.5541,36.8603,-122.5541,48,,401677704,-127
254030,254030,UT,DS,3,0,1,133,109,01:49:10 02-May-2024,SR,A,36.8880,-122.6369,36.8880,-122.6369,6,,401677761,-131
254030,254030,UT,DS,1,0,0,,,02:19:59 02-May-2024,A1,B,36.8918,-122.6301,36.8918,-122.6301,8,,401677733,-130
254030,254030,UT,DS,1,0,0,,,03:29:54 02-May-2024,SR,B,36.8856,-122.6176,36.8856,-122.6176,7,,401677755,-131
254030,254030,UT,DS,1,0,1,,,03:58:59 02-May-2024,NK,B,36.8681,-122.6318,36.8681,-122.6318,6,,401677725,-135
254030,254030,UT,DS,3,0,1,139,88,04:25:46 02-May-2024,MC,A,36.8177,-122.6597,36.8177,-122.6597,6,,401677742,-127
254030,254030,UT,DS,4,0,1,131,83,05:06:08 02-May-2024,NP,1,36.8164,-122.7326,36.8164,-122.7326,48,,401677729,-125
254030,254030,UT,DS,1,0,0,,,05:58:58 02-May-2024,O3,B,36.8133,-122.7532,36.8133,-122.7532,8,,401677713,-136
254030,254030,UT,DS,3,0,0,130,114,06:05:26 02-May-2024,MC,A,36.8076,-122.7114,36.8076,-122.7114,6,,401677721,-127
254030,254030,UT,DS,5,0,0,176,122,06:22:24 02-May-2024,NN,0,36.7878,-122.7066,36.7878,-122.7066,46,,401677729,-127
254030,254030,UT,DS,1,0,0,,,07:37:28 02-May-2024,O3,B,36.7721,-122.7296,36.7721,-122.7296,8,,401677709,-126
254030,254030,UT,DS,1,0,1,,,13:03:55 02-May-2024,SR,B,36.7598,-122.7072,36.7598,-122.7072,8,,401677706,-132
254030,254030,UT,DS,4,0,1,115,85,14:24:30 02-May-2024,A1,0,36.7659,-122.7405,36.7659,-122.7405,48,,401677714,-129
254030,254030,UT,DS,4,0,0,111,76,14:39:20 02-May-2024,SR,0,36.7750,-122.6678,36.7750,-122.6678,46,,401677706,-132
254030,254030,UT,DS,2,0,0,151,151,15:06:36 02-May-2024,CS,B,36.8375,-122.6816,36.8375,-122.6816,6,,401677739,-131
254030,254030,UT,DS,1,0,0,,,16:10:39 02-May-2024,NK,B,36.8427,-122.6919,36.8427,-122.6919,8,,401677698,-130
254030,254030,UT,DS,2,0,0,270,270,16:42:43 02-May-2024,MC,B,36.8363,-122.7449,36.8363,-122.7449,8,,401677711,-125
254030,254030,UT,DS,1,0,0,,,17:21:32 02-May-2024,NP,B,36.7803,-122.7419,36.7803,-122.7419,8,,401677694,-140
254030,254030,UT,DS,1,0,0,,,17:37:28 02-May-2024,MB,B,36.7796,-122.7511,36.7796,-122.7511,6,,401677701,-130
254030,254030,UT,DS,1,0,0,,,18:42:40 02-May-2024,NN,B,36.7718,-122.7691,36.7718,-122.7691,6,,401677730,-140
254030,254030,UT,DS,3,0,0,187,30,19:04:06 02-May-2024,NP,A,36.8686,-122.6642,36.8686,-122.6642,6,,401677714,-132
254030,254030,UT,DS,2,0,0,229,229,21:24:06 02-May-2024,O3,B,36.8571,-122.7416,36.8571,-122.7416,8,,401677736,-132
254030,254030,UT,DS,1,0,0,,,01:16:47 03-May-2024,SR,B,36.8725,-122.8642,36.8725,-122.8642,8,,401677713,-138
254030,254030,UT,DS,2,0,0,77,77,01:45:57 03-May-2024,NK,B,36.8830,-122.7855,36.8830,-122.7855,6,,401677721,-131
254030,254030,UT,DS,1,0,0,,,02:18:31 03-May-2024,CS,B,36.8825,-122.8044,36.8825,-122.8044,8,,401677721,-130
254030,254030,UT,DS,1,0,0,,,02:59:52 03-May-2024,SR,B,36.8795,-122.8169,36.8795,-122.8169,8,,401677729,-137
254030,254030,UT,DS,2,0,0,148,148,03:27:03 03-May-2024,A1,B,36.8656,-122.8033,36.8656,-122.8033,6,,401677735,-137
254030,254030,UT,DS,2,0,1,241,241,03:30:18 03-May-2024,NK,B,36.8713,-122.8118,36.8713,-122.8118,8,,401677714,-125
254030,254030,UT,DS,2,0,0,79,79,04:53:31 03-May-2024,NP,B,36.8507,-122.8253,36.8507,-122.8253,8,,401677731,-130
254030,254030,UT,DS,1,0,1,,,05:46:26 03-May-2024,MC,B,36.8606,-122.8659,36.8606,-122.8659,8,,401677716,-121
254030,254030,UT,DS,2,0,0,91,91,12:31:01 03-May-2024,SR,B,36.8068,-122.8432,36.8068,-122.8432,8,,401677727,-130
254030,254030,UT,DS,1,0,0,,,23:57:23 03-May-2024,CS,B,36.9381,-122.7937,36.9381,-122.7937,8,,401677755,-130
254030,254030,UT,DS,1,0,0,,,01:42:43 04-May-2024,CS,B,36.9685,-122.9894,36.9685,-122.9894,8,,401677726,-135
254030,254030,UT,DS,1,0,0,,,02:31:52 04-May-2024,SR,B,36.9922,-122.9368,36.9922,-122.9368,8,,401677707,-138
254030,254030,UT,DS,1,0,0,,,03:05:25 04-May-2024,NK,B,36.9717,-122.9005,36.9717,-122.9005,8,,401677702,-129
254030,254030,UT,DS,1,0,1,,,07:40:37 04-May-2024,NN,B,36.9944,-122.7623,36.9944,-122.7623,8,,401677721,-135
254030,254030,UT,DS,3,0,0,143,98,07:43:15 04-May-2024,O3,A,37.0144,-122.9368,37.0144,-122.9368,6,,401677726,-134
254030,254030,UT,DS,1,0,0,,,13:39:02 04-May-2024,A1,B,37.0339,-122.8459,37.0339,-122.8459,8,,401677732,-129
254030,254030,UT,DS,2,0,0,452,452,13:42:48 04-May-2024,SR,B,37.0221,-122.8931,37.0221,-122.8931,6,,401677708,-133
254030,254030,UT,DS,4,0,0,94,43,13:48:03 04-May-2024,CS,1,37.0087,-122.9282,37.0087,-122.9282,56,,401677710,-123
254030,254030,UT,DS,1,0,0,,,15:20:49 04-May-2024,NK,B,37.0116,-122.9020,37.0116,-122.9020,8,,401677710,-126
254030,254030,UT,DS,2,0,0,370,370,18:19:35 04-May-2024,NN,B,36.9959,-122.8009,36.9959,-122.8009,8,,401677734,-137
254030,254030,UT,DS,1,0,0,,,18:34:12 04-May-2024,MB,B,37.0045,-122.8417,37.0045,-122.8417,6,,401677725,-132
254030,254030,UT,DS,1,0,0,,,19:24:26 04-May-2024,MC,B,37.0065,-122.8229,37.0065,-122.8229,8,,401677718,-132
254030,254030,UT,DS,2,0,0,374,374,19:47:58 04-May-2024,O3,B,36.9941,-122.8174,,,6,,401677724,-132
254030,254030,UT,DS,1,0,0,,,21:32:06 04-May-2024,O3,B,36.9973,-122.7744,36.9973,-122.7744,8,,401677717,-135
254030,254030,UT,DS,2,0,0,72,72,01:00:32 05-May-2024,CS,B,36.9491,-122.6608,36.9491,-122.6608,8,,401677717,-132
254030,254030,UT,DS,3,0,0,115,62,03:30:17 05-May-2024,SR,A,36.9050,-122.8023,36.9050,-122.8023,8,,401677732,-130
254030,254030,UT,DS,4,0,0,208,136,04:17:53 05-May-2024,NK,2,36.9235,-122.8151,36.9235,-122.8151,56,,401677736,-127
254030,254030,UT,DS,1,0,0,,,04:14:52 05-May-2024,A1,B,36.9015,-122.7987,36.9015,-122.7987,8,,401677722,-141
254030,254030,UT,DS,3,0,0,180,152,04:28:29 05-May-2024,NP,A,36.9241,-122.8340,36.9241,-122.8340,6,,401677731,-133
254030,254030,UT,DS,4,1,0,,,05:05:59 05-May-2024,MC,0,36.9187,-122.8698,36.9187,-122.8698,58,,401677731,-125
254030,254030,UT,DS,1,0,1,,,05:40:27 05-May-2024,NN,B,36.9160,-122.8742,36.9160,-122.8742,8,,401677731,-135
254030,254030,UT,DS,4,0,0,84,58,06:04:47 05-May-2024,NP,1,36.9300,-122.8658,36.9300,-122.8658,56,,401677726,-135
254030,254030,UT,DS,2,0,0,273,273,06:58:22 05-May-2024,O3,B,36.9141,-122.8798,36.9141,-122.8798,8,,401677723,-129
254030,254030,UT,DS,3,0,0,148,104,07:27:55 05-May-2024,NN,A,36.9027,-122.8434,36.9027,-122.8434,6,,401677730,-133
254030,254030,UT,DS,2,0,0,94,94,08:34:17 05-May-2024,O3,B,36.8704,-122.8501,36.8704,-122.8501,8,,401677720,-136
254030,254030,UT,DS,1,0,0,,,13:13:55 05-May-2024,A1,B,36.8923,-122.8939,36.8923,-122.8939,8,,401677755,-135
254030,254030,UT,DS,1,0,0,,,13:13:55 05-May-2024,SR,B,36.9274,-122.8231,36.9274,-122.8231,,,401677710,-133
254030,254030,UT,DS,2,0,0,132,132,14:41:49 05-May-2024,CS,B,36.9598,-122.7382,36.9598,-122.7382,8,,401677715,-136
254030,254030,UT,DS,1,0,0,,,14:44:01 05-May-2024,SR,B,36.9600,-122.7411,36.9600,-122.7411,6,,401677715,-137
254030,254030,UT,DS,3,0,0,209,147,16:34:25 05-May-2024,NK,A,36.9777,-122.7342,36.9777,-122.7342,8,,401677718,-129
254030,254030,UT,DS,2,0,0,171,171,16:48:43 05-May-2024,NP,B,36.9740,-122.7527,36.9740,-122.7527,6,,401677717,-130
254030,254030,UT,DS,1,0,0,,,17:23:09 05-May-2024,MC,B,36.9761,-122.7481,36.9761,-122.7481,8,,401677716,-128
254030,254030,UT,DS,1,0,0,,,18:10:21 05-May-2024,NN,B,36.9775,-122.7446,36.9775,-122.7446,8,,401677717,-135
254030,254030,UT,DS,2,0,0,296,296,18:10:21 05-May-2024,MB,B,36.9941,-122.7321,36.9941,-122.7321,,,401677727,-131
254030,254030,UT,DS,3,0,1,130,106,18:31:01 05-May-2024,NP,A,36.9725,-122.7471,,,6,,401677736,-132
254030,254030,UT,DS,4,0,0,65,46,19:01:52 05-May-2024,MC,1,36.9519,-122.7559,36.9519,-122.7559,58,,401677731,-131
254030,254030,UT,DS,5,0,0,65,45,19:05:31 05-May-2024,O3,0,36.9270,-122.7467,36.9270,-122.7467,46,,401677710,-133
254030,254030,UT,DS,3,0,0,175,154,19:48:41 05-May-2024,NN,A,36.9545,-122.7422,36.9545,-122.7422,8,,401677705,-133
254030,254030,UT,DS,1,0,0,,,01:51:16 06-May-2024,CS,B,36.9841,-122.7379,36.9841,-122.7379,8,,401677718,-140
254030,254030,UT,DS,2,0,0,164,164,05:29:40 06-May-2024,NN,B,36.9750,-122.7388,36.9750,-122.7388,8,,401677711,-128
254030,254030,UT,DS,1,0,0,,,05:55:11 06-May-2024,NP,B,36.9750,-122.7420,36.9750,-122.7420,6,,401677714,-132
254030,254030,UT,DS,4,0,0,162,74,06:22:06 06-May-2024,MC,3,36.9193,-122.8696,36.9193,-122.8696,56,,401677735,-128
254030,254030,UT,DS,1,0,0,,,07:12:32 06-May-2024,NN,B,36.9187,-122.8675,36.9187,-122.8675,8,,401677725,-132
254030,254030,UT,DS,1,0,0,,,07:49:01 06-May-2024,O3,B,36.9185,-122.8669,36.9185,-122.8669,8,,401677730,-131
254030,254030,UT,DS,2,0,0,326,326,12:25:26 06-May-2024,CS,B,36.9443,-122.8079,36.9443,-122.8079,8,,401677720,-132
254030,254030,UT,DS,3,0,0,187,134,12:32:21 06-May-2024,SR,A,36.9018,-122.7849,36.9018,-122.7849,8,,401677712,-133
254030,254030,UT,DS,2,0,0,310,310,14:01:45 06-May-2024,CS,B,36.8734,-122.7529,36.8734,-122.7529,8,,401677719,-136
254030,254030,UT,DS,1,0,0,,,14:14:27 06-May-2024,SR,B,36.8698,-122.7538,36.8698,-122.7538,6,,401677710,-139
254030,254030,UT,DS,2,0,0,301,301,14:23:04 06-May-2024,A1,B,36.7520,-122.6909,36.7520,-122.6909,,,401677734,-139
254030,254030,UT,DS,1,0,0,,,14:27:38 06-May-2024,NK,B,36.8688,-122.7527,36.8688,-122.7527,6,,401677710,-132
254030,254030,UT,DS,4,0,1,144,58,16:10:13 06-May-2024,NK,0,36.8199,-122.7307,36.8199,-122.7307,58,,401677725,-123
254030,254030,UT,DS,1,0,0,,,16:42:04 06-May-2024,NP,B,36.8115,-122.7225,36.8115,-122.7225,6,,401677745,-131
254030,254030,UT,DS,3,0,0,163,98,17:03:01 06-May-2024,MC,A,36.8201,-122.8165,36.8201,-122.8165,6,,401677731,-124
254030,254030,UT,DS,1,0,0,,,18:00:13 06-May-2024,NN,B,36.8064,-122.8055,,,8,,401677736,-135
254030,254030,UT,DS,7,1,1,,,18:13:26 06-May-2024,NP,0,36.7676,-122.8524,36.7676,-122.8524,46,,401677737,-129
254030,254030,UT,DS,1,0,0,,,19:33:19 06-May-2024,NN,B,36.7486,-122.8374,36.7486,-122.8374,8,,401677729,-133
254030,254030,UT,DS,4,0,0,54,46,20:00:39 06-May-2024,O3,2,36.7524,-122.8406,36.7524,-122.8406,56,,401677727,-126
254030,254030,UT,DS,2,0,1,50,50,23:35:51 06-May-2024,CS,B,36.7512,-122.8941,36.7512,-122.8941,8,,401677718,-131
254030,254030,UT,DS,3,0,0,194,161,01:12:40 07-May-2024,CS,A,36.7474,-122.7840,36.7474,-122.7840,8,,401677708,-126
254030,254030,UT,DS,3,0,0,201,165,02:30:53 07-May-2024,SR,A,36.7485,-122.7794,36.7485,-122.7794,7,,401677738,-125
254030,254030,UT,DS,2,0,0,34,34,03:24:12 07-May-2024,NK,B,36.7525,-122.7768,36.7525,-122.7768,8,,401677708,-128
254030,254030,UT,DS,2,0,0,331,331,03:26:57 07-May-2024,A1,B,36.7617,-122.7360,36.7617,-122.7360,6,,401677726,-139
254030,254030,UT,DS,5,0,1,123,71,03:58:38 07-May-2024,NP,3,36.7377,-122.7563,36.7377,-122.7563,56,,401677738,-129
254030,254030,UT,DS,7,0,0,112,71,04:23:25 07-May-2024,MC,3,36.7334,-122.7435,36.7334,-122.7435,56,,401677737,-118
254030,254030,UT,DS,1,0,0,,,05:18:05 07-May-2024,NN,B,36.7249,-122.7235,36.7249,-122.7235,8,,401677737,-130
254030,254030,UT,DS,5,0,1,93,43,06:05:17 07-May-2024,MC,3,36.7263,-122.6939,36.7263,-122.6939,58,,401677733,-124
254030,254030,UT,DS,1,0,0,,,07:05:18 07-May-2024,NN,B,36.7263,-122.6550,36.7263,-122.6550,8,,401677728,-130
254030,254030,UT,DS,3,0,1,156,82,07:08:19 07-May-2024,O3,A,36.7345,-122.6695,36.7345,-122.6695,6,,401677733,-128
254030,254030,UT,DS,5,0,1,57,39,08:46:03 07-May-2024,O3,0,36.7625,-122.6754,36.7625,-122.6754,48,,401677746,-133
254030,254030,UT,DS,2,0,0,338,338,13:23:38 07-May-2024,CS,B,36.7808,-122.6683,36.7808,-122.6683,8,,401677690,-127
254030,254030,UT,DS,3,0,0,102,51,14:00:31 07-May-2024,A1,A,36.7723,-122.6674,36.7723,-122.6674,7,,401677698,-121
254030,254030,UT,DS,2,0,1,102,102,18:03:29 07-May-2024,NP,B,36.7388,-122.6325,36.7388,-122.6325,8,,401677704,-131
254030,254030,UT,DS,4,0,0,90,49,18:19:37 07-May-2024,MC,2,36.7316,-122.5824,36.7316,-122.5824,56,,401677709,-124
254030,254030,UT,DS,2,0,0,91,91,19:13:17 07-May-2024,O3,B,36.7449,-122.6096,36.7449,-122.6096,8,,401677708,-132
254030,254030,UT,DS,3,0,0,61,45,19:25:53 07-May-2024,NN,A,36.7779,-122.6069,36.7779,-122.6069,6,,401677711,-131
254030,254030,UT,DS,1,0,0,,,20:04:17 07-May-2024,MC,B,36.7844,-122.6086,36.7844,-122.6086,8,,401677731,-132
254030,254030,UT,DS,1,0,0,,,01:23:25 08-May-2024,NK,B,36.7572,-122.5752,36.7572,-122.5752,8,,401677707,-135
254030,254030,UT,DS,1,0,0,,,02:14:13 08-May-2024,CS,B,36.7702,-122.5743,36.7702,-122.5743,8,,401677699,-133
254030,254030,UT,DS,1,0,0,,,03:01:00 08-May-2024,A1,B,36.7683,-122.5760,,,8,,401677702,-136
254030,254030,UT,DS,2,0,0,130,130,04:01:00 08-May-2024,MC,B,36.7493,-122.5208,36.7493,-122.5208,6,,401677726,-124
254030,254030,UT,DS,1,0,0,,,04:39:38 08-May-2024,NK,B,36.7468,-122.5107,36.7468,-122.5107,8,,401677729,-137
254030,254030,UT,DS,1,0,0,,,05:09:38 08-May-2024,NN,B,36.7448,-122.5054,36.7448,-122.5054,7,,401677737,-135
254030,254030,UT,DS,1,0,0,,,08:04:08 08-May-2024,O3,B,36.7343,-122.4681,36.7343,-122.4681,8,,401677732,-134
254030,254030,UT,DS,1,0,0,,,13:11:30 08-May-2024,SR,B,36.7252,-122.4137,36.7252,-122.4137,8,,401677735,-126
254030,254030,UT,DS,2,0,0,49,49,13:37:19 08-May-2024,A1,B,36.7914,-122.5378,36.7914,-122.5378,6,,401677731,-130
254030,254030,UT,DS,2,0,0,429,429,14:21:22 08-May-2024,CS,B,36.7917,-122.5418,36.7917,-122.5418,8,,401677706,-128
254030,254030,UT,DS,4,0,0,88,76,15:16:59 08-May-2024,NK,0,36.7751,-122.6045,36.7751,-122.6045,48,,401677709,-129
254030,254030,UT,DS,2,0,0,91,91,16:14:26 08-May-2024,NP,B,36.7621,-122.6134,36.7621,-122.6134,8,,401677703,-133
254030,254030,UT,DS,2,0,0,35,35,17:28:54 08-May-2024,NN,B,36.6953,-122.6671,36.6953,-122.6671,8,,401677695,-137
254030,254030,UT,DS,2,0,0,46,46,18:00:27 08-May-2024,MC,B,36.6950,-122.6725,36.6950,-122.6725,8,,401677709,-119
254030,254030,UT,DS,1,0,0,,,18:00:27 08-May-2024,NP,B,36.7763,-122.6599,36.7763,-122.6599,,,401677710,-137
254030,254030,UT,DS,1,0,0,,,19:09:14 08-May-2024,NN,B,36.8051,-122.6718,36.8051,-122.6718,7,,401677732,-135
254030,254030,UT,DS,2,0,0,214,214,20:05:07 08-May-2024,O3,B,36.8296,-122.6587,36.8296,-122.6587,7,,401677752,-127
254030,254030,UT,DS,3,0,1,71,31,03:04:41 09-May-2024,SR,A,36.7307,-122.6550,36.7307,-122.6550,8,,401677695,-128
254030,254030,UT,DS,1,0,0,,,04:12:00 09-May-2024,NK,B,36.7508,-122.6608,36.7508,-122.6608,8,,401677708,-128
254030,254030,UT,DS,1,0,1,,,04:30:12 09-May-2024,MB,B,36.7505,-122.6570,36.7505,-122.6570,8,,401677691,-135
254030,254030,UT,DS,2,0,0,194,194,05:21:44 09-May-2024,NP,B,36.7185,-122.6336,36.7185,-122.6336,6,,401677740,-125
254030,254030,UT,DS,3,0,1,247,61,05:23:40 09-May-2024,MC,A,36.7404,-122.5594,36.7404,-122.5594,6,,401677741,-121
254030,254030,UT,DS,2,0,0,156,156,07:03:57 09-May-2024,MC,B,36.7371,-122.6874,36.7371,-122.6874,6,,401677740,-128
254030,254030,UT,DS,1,0,0,,,07:01:22 09-May-2024,NP,B,36.7381,-122.5538,36.7381,-122.5538,8,,401677728,-140
254030,254030,UT,DS,2,0,0,59,59,07:13:06 09-May-2024,O3,B,36.7576,-122.6922,36.7576,-122.6922,6,,401677726,-134
254030,254030,UT,DS,1,0,0,,,12:40:07 09-May-2024,SR,B,36.7948,-122.6502,36.7948,-122.6502,8,,401677753,-133
254030,254030,UT,DS,2,0,0,158,158,13:39:40 09-May-2024,CS,B,36.8338,-122.6443,36.8338,-122.6443,8,,401677727,-126
254030,254030,UT,DS,4,0,1,162,34,14:20:04 09-May-2024,SR,1,36.8240,-122.5938,36.8240,-122.5938,48,,401677714,-133
254030,254030,UT,DS,1,0,1,,,15:15:23 09-May-2024,CS,B,36.8287,-122.5661,36.8287,-122.5661,8,,401677717,-138
254030,254030,UT,DS,1,0,0,,,16:01:28 09-May-2024,NP,B,36.8328,-122.5440,36.8328,-122.5440,8,,401677716,-133
254030,254030,UT,DS,2,0,0,200,200,16:29:44 09-May-2024,NK,B,36.8321,-122.5772,36.8321,-122.5772,6,,401677719,-127
254030,254030,UT,DS,1,0,0,,,17:20:07 09-May-2024,NN,B,36.8371,-122.5514,36.8371,-122.5514,8,,401677709,-137
254030,254030,UT,DS,1,0,0,,,18:09:56 09-May-2024,NK,B,36.8344,-122.5521,36.8344,-122.5521,6,,401677733,-137
254030,254030,UT,DS,6,1,0,,,19:01:37 09-May-2024,NN,2,36.8208,-122.5897,36.8208,-122.5897,58,,401677711,-124
254030,254030,UT,DS,2,0,0,37,37,19:18:04 09-May-2024,MC,B,36.8264,-122.5851,36.8264,-122.5851,6,,401677735,-125
254030,254030,UT,DS,1,0,0,,,00:59:27 10-May-2024,SR,B,36.8546,-122.5099,36.8546,-122.5099,8,,401677698,-136
254030,254030,UT,DS,2,0,0,157,157,02:15:29 10-May-2024,A1,B,36.8807,-122.5445,36.8807,-122.5445,8,,401677687,-127
254030,254030,UT,DS,1,0,0,,,02:31:08 10-May-2024,CS,B,36.9111,-122.5087,36.9111,-122.5087,7,,401677730,-139
254030,254030,UT,DS,4,0,0,145,69,02:40:41 10-May-2024,SR,0,36.8959,-122.4768,36.8959,-122.4768,46,,401677737,-123
254030,254030,UT,DS,1,0,0,,,03:22:40 10-May-2024,NP,B,36.9032,-122.4700,36.9032,-122.4700,8,,401677739,-137
254030,254030,UT,DS,3,0,0,87,81,04:16:21 10-May-2024,SR,A,36.8980,-122.6058,36.8980,-122.6058,8,,401677732,-131
254030,254030,UT,DS,6,1,0,,,05:02:50 10-May-2024,MC,3,36.9216,-122.6022,36.9216,-122.6022,58,,401677737,-121
254030,254030,UT,DS,6,0,1,140,75,05:10:51 10-May-2024,NP,1,36.9263,-122.5887,36.9263,-122.5887,46,,401677736,-127
254030,254030,UT,DS,5,0,1,112,78,06:23:11 10-May-2024,NN,0,36.9205,-122.5942,36.9205,-122.5942,58,,401677736,-128
254030,254030,UT,DS,2,0,0,229,229,08:03:04 10-May-2024,O3,B,36.9057,-122.5742,36.9057,-122.5742,6,,401677729,-126
254030,254030,UT,DS,1,0,0,,,08:01:10 10-May-2024,NN,B,36.9303,-122.6196,36.9303,-122.6196,8,,401677720,-140
254030,254030,UT,DS,5,0,1,90,54,12:12:55 10-May-2024,SR,0,36.8878,-122.5003,36.8878,-122.5003,48,,401677717,-128
254030,254030,UT,DS,3,0,0,42,41,13:01:09 10-May-2024,CS,A,36.8971,-122.4571,36.8971,-122.4571,8,,401677725,-126
254030,254030,UT,DS,2,0,0,105,105,14:25:04 10-May-2024,A1,B,36.8791,-122.4520,36.8791,-122.4520,8,,401677706,-133
254030,254030,UT,DS,3,0,1,101,100,15:30:18 10-May-2024,SR,A,36.8792,-122.3979,36.8792,-122.3979,7,,401677731,-134
254030,254030,UT,DS,2,0,0,31,31,16:05:37 10-May-2024,NK,B,36.8793,-122.3990,36.8793,-122.3990,7,,401677739,-133
254030,254030,UT,DS,5,0,0,71,31,17:20:26 10-May-2024,MC,2,36.8468,-122.4862,36.8468,-122.4862,58,,401677738,-120
254030,254030,UT,DS,2,0,0,202,202,17:31:14 10-May-2024,NP,B,36.8435,-122.4886,36.8435,-122.4886,6,,401677712,-128
254030,254030,UT,DS,4,0,0,104,38,18:04:10 10-May-2024,MB,0,36.8471,-122.4784,36.8471,-122.4784,48,,401677703,-129
254030,254030,UT,DS,4,0,0,125,57,18:58:18 10-May-2024,MC,1,36.8152,-122.4667,36.8152,-122.4667,48,,401677714,-129
254030,254030,UT,DS,2,0,0,75,75,19:11:53 10-May-2024,NP,B,36.8164,-122.4665,36.8164,-122.4665,6,,401677714,-134
254030,254030,UT,DS,3,0,0,264,207,20:12:20 10-May-2024,O3,A,36.8525,-122.4700,36.8525,-122.4700,8,,401677719,-125
254030,254030,UT,DS,5,0,0,136,83,20:24:25 10-May-2024,NN,1,36.8224,-122.4611,36.8224,-122.4611,46,,401677733,-128
254030,254030,UT,DS,1,0,0,,,21:46:57 10-May-2024,O3,B,36.8136,-122.4716,36.8136,-122.4716,8,,401677714,-134
254030,254030,UT,DS,5,0,0,101,43,00:10:21 11-May-2024,CS,2,36.8907,-122.5545,36.8907,-122.5545,58,,401677706,-124
254030,254030,UT,DS,3,0,1,81,37,02:08:48 11-May-2024,SR,A,36.9184,-122.6047,36.9184,-122.6047,8,,401677706,-128
254030,254030,UT,DS,1,0,0,,,03:03:30 11-May-2024,MC,B,36.9228,-122.6201,36.9228,-122.6201,8,,401677700,-132
254030,254030,UT,DS,4,0,1,142,71,03:10:47 11-May-2024,NP,0,36.8797,-122.5264,36.8797,-122.5264,46,,401677719,-133
254030,254030,UT,DS,3,0,2,148,78,03:22:22 11-May-2024,NK,A,36.9036,-122.5267,36.9036,-122.5267,6,,401677710,-126
254030,254030,UT,DS,3,0,1,54,31,03:25:29 11-May-2024,A1,A,36.8912,-122.5347,36.8912,-122.5347,6,,401677707,-129
254030,254030,UT,DS,1,0,0,,,04:58:04 11-May-2024,NP,B,36.9046,-122.5652,36.9046,-122.5652,7,,401677744,-133
254030,254030,UT,DS,2,0,0,53,53,05:02:30 11-May-2024,NK,B,36.9004,-122.5551,,,6,,401677745,-135
254030,254030,UT,DS,2,0,0,230,230,06:10:49 11-May-2024,NN,B,36.9016,-122.5531,36.9016,-122.5531,8,,401677756,-130
254030,254030,UT,DS,5,0,1,106,32,06:18:26 11-May-2024,MC,2,36.9402,-122.5185,36.9402,-122.5185,56,,401677744,-121
254030,254030,UT,DS,6,0,0,84,35,07:19:23 11-May-2024,O3,2,36.9293,-122.4939,36.9293,-122.4939,48,,401677746,-123
254030,254030,UT,DS,5,0,1,101,70,12:21:24 11-May-2024,CS,0,36.9133,-122.4978,36.9133,-122.4978,48,,401677738,-130
254030,254030,UT,DS,3,0,0,62,47,12:25:19 11-May-2024,A1,A,36.8689,-122.4038,36.8689,-122.4038,8,,401677746,-137
254030,254030,UT,DS,4,0,0,51,34,13:18:48 11-May-2024,SR,1,36.8848,-122.4322,36.8848,-122.4322,48,,401677730,-122
254030,254030,UT,DS,2,0,0,275,275,14:00:19 11-May-2024,CS,B,36.9044,-122.4250,36.9044,-122.4250,8,,401677720,-130
254030,254030,UT,DS,2,0,0,37,37,14:02:55 11-May-2024,A1,B,36.9114,-122.4315,36.9114,-122.4315,6,,401677720,-134
254030,254030,UT,DS,4,0,1,93,30,14:59:58 11-May-2024,SR,0,36.9362,-122.4196,36.9362,-122.4196,48,,401677708,-135
254030,254030,UT,DS,3,0,1,83,38,16:59:41 11-May-2024,MC,A,36.9755,-122.4218,36.9755,-122.4218,8,,401677723,-126
254030,254030,UT,DS,6,0,0,68,30,17:14:56 11-May-2024,NP,1,36.9546,-122.3979,36.9546,-122.3979,46,,401677707,-126
254030,254030,UT,DS,3,0,0,31,30,17:19:19 11-May-2024,NK,A,36.9647,-122.4118,36.9647,-122.4118,6,,401677707,-132
254030,254030,UT,DS,1,0,0,,,19:02:44 11-May-2024,NP,B,36.9837,-122.3949,36.9837,-122.3949,8,,401677711,-139
254030,254030,UT,DS,3,0,0,84,48,19:29:17 11-May-2024,O3,A,37.0350,-122.3383,37.0350,-122.3383,6,,401677752,-126
254030,254030,UT,DS,4,0,0,76,52,20:12:08 11-May-2024,NN,1,36.9647,-122.4439,36.9647,-122.4439,58,,401677714,-129
254030,254030,UT,DS,5,0,1,90,35,21:03:24 11-May-2024,O3,2,36.9765,-122.4596,36.9765,-122.4596,58,,401677702,-133
254030,254030,UT,DS,5,0,0,89,47,01:08:16 12-May-2024,CS,2,36.9458,-122.4934,36.9458,-122.4934,58,,401677736,-125
254030,254030,UT,DS,1,0,0,,,01:19:00 12-May-2024,NK,B,36.9460,-122.4938,36.9460,-122.4938,6,,401677742,-135
254030,254030,UT,DS,3,0,0,89,63,01:24:41 12-May-2024,A1,,,,,,,,401650000,
254030,254030,UT,DS,3,0,0,93,63,02:59:34 12-May-2024,NK,A,36.9164,-122.4712,36.9164,-122.4712,8,,401677740,-128
254030,254030,UT,DS,3,0,0,110,96,03:00:06 12-May-2024,A1,,,,,,,,401650000,
254030,254030,UT,DS,4,1,0,,,03:16:49 12-May-2024,SR,1,36.9199,-122.4792,36.9199,-122.4792,56,,401677742,-127
254030,254030,UT,DS,3,0,0,102,68,04:19:17 12-May-2024,MC,A,36.9186,-122.4972,36.9186,-122.4972,8,,401677744,-124
254030,254030,UT,DS,4,1,0,,,05:05:41 12-May-2024,MB,0,36.9242,-122.4958,36.9242,-122.4958,48,,401677745,-126
254030,254030,UT,DS,4,0,0,123,84,06:00:35 12-May-2024,NN,3,36.9245,-122.5026,36.9245,-122.5026,68,,401677746,-125
254030,254030,UT,DS,2,0,0,233,233,06:02:49 12-May-2024,MC,B,36.9222,-122.5019,36.9222,-122.5019,6,,401677747,-125
254030,254030,UT,DS,2,0,0,100,100,06:25:06 12-May-2024,NP,B,36.9223,-122.5021,36.9223,-122.5021,6,,401677745,-135
254030,254030,UT,DS,6,1,0,,,08:15:14 12-May-2024,O3,3,36.9151,-122.4467,36.9151,-122.4467,58,,401677740,-129
254030,254030,UT,DS,2,0,0,272,272,13:17:01 12-May-2024,CS,B,36.9304,-122.4082,36.9304,-122.4082,8,,401677724,-127
254030,254030,UT,DS,1,0,0,,,13:34:14 12-May-2024,A1,,,,,,,,401650000,
254030,254030,UT,DS,4,0,1,71,32,14:25:29 12-May-2024,SR,0,36.8862,-122.2978,36.8862,-122.2978,48,,401677737,-129
254030,254030,UT,DS,1,0,0,,,15:00:55 12-May-2024,CS,B,36.8806,-122.2819,36.8806,-122.2819,8,,401677709,-132
254030,254030,UT,DS,1,0,1,,,15:11:07 12-May-2024,A1,,,,,,,,401650000,
254030,254030,UT,DS,3,0,0,176,59,15:18:02 12-May-2024,NK,A,36.8833,-122.3957,36.8833,-122.3957,6,,401677716,-130
254030,254030,UT,DS,1,0,0,,,16:35:42 12-May-2024,MC,B,36.8387,-122.2854,36.8387,-122.2854,8,,401677690,-134
254030,254030,UT,DS,2,0,1,344,344,17:02:50 12-May-2024,NP,B,36.8626,-122.3474,36.8626,-122.3474,6,,401677698,-136
254030,254030,UT,DS,4,0,0,209,78,18:15:00 12-May-2024,MC,1,36.9419,-122.3392,36.9419,-122.3392,57,,401677713,-133
254030,254030,UT,DS,2,0,1,165,165,20:00:21 12-May-2024,NN,B,36.9030,-122.3019,36.9030,-122.3019,8,,401677725,-131
254030,254030,UT,DS,4,0,0,48,30,20:21:37 12-May-2024,O3,2,36.9273,-122.3097,36.9273,-122.3097,56,,401677724,-121
254030,254030,UT,DS,1,0,0,,,00:22:54 13-May-2024,CS,B,36.9306,-122.2203,36.9306,-122.2203,8,,401677732,-140
254030,254030,UT,DS,4,0,1,107,42,00:58:40 13-May-2024,SR,1,36.9414,-122.2643,36.9414,-122.2643,58,,401677723,-131
254030,254030,UT,DS,2,0,0,68,68,02:08:25 13-May-2024,CS,B,36.9567,-122.2642,36.9567,-122.2642,8,,401677731,-128
254030,254030,UT,DS,1,0,0,,,04:02:02 13-May-2024,MC,B,36.9730,-122.2717,36.9730,-122.2717,8,,401677748,-134
254030,254030,UT,DS,3,1,0,,,04:10:27 13-May-2024,NK,B,36.9892,-122.3052,36.9892,-122.3052,6,,401677748,-125
254030,254030,UT,DS,1,0,0,,,04:11:34 13-May-2024,A1,,,,,,,,401650000,
254030,254030,UT,DS,3,0,0,48,45,04:21:10 13-May-2024,SR,A,36.9935,-122.2974,36.9935,-122.2974,6,,401677752,-132
254030,254030,UT,DS,5,0,0,84,59,06:08:41 13-May-2024,NP,0,36.9830,-122.3572,,,48,,401677730,-130
254030,254030,UT,DS,4,0,0,83,81,12:15:46 13-May-2024,SR,0,36.9069,-122.3286,36.9069,-122.3286,48,,401677728,-131
254030,254030,UT,DS,4,0,1,64,35,13:09:46 13-May-2024,A1,1,36.8332,-122.3973,36.8332,-122.3973,58,,401677727,-136
254030,254030,UT,DS,1,0,0,,,14:00:02 13-May-2024,SR,B,36.8123,-122.4193,36.8123,-122.4193,8,,401677731,-129
254030,254030,UT,DS,3,0,0,171,110,14:15:43 13-May-2024,CS,A,36.8779,-122.4091,36.8779,-122.4091,6,,401677730,-131
254030,254030,UT,DS,1,0,0,,,16:28:15 13-May-2024,NK,B,36.9024,-122.3984,36.9024,-122.3984,8,,401677709,-129
254030,254030,UT,DS,2,0,0,69,69,17:03:35 13-May-2024,MB,B,36.8948,-122.3889,36.8948,-122.3889,5,,401677737,-130
254030,254030,UT,DS,5,0,0,102,30,17:59:28 13-May-2024,MC,0,36.8499,-122.3197,36.8499,-122.3197,58,,401677721,-118
254030,254030,UT,DS,4,0,0,73,50,18:09:17 13-May-2024,NN,1,36.8771,-122.2753,36.8771,-122.2753,57,,401677755,-127
254030,254030,UT,DS,4,0,1,111,78,21:10:09 13-May-2024,O3,2,36.7780,-122.3031,36.7780,-122.3031,58,,401677748,-136
254030,254030,UT,DS,2,0,0,186,186,01:27:00 14-May-2024,CS,B,36.7402,-122.3300,36.7402,-122.3300,8,,401677735,-125
254030,254030,UT,DS,5,0,3,93,30,02:10:37 14-May-2024,SR,2,36.7374,-122.3361,36.7374,-122.3361,58,,401677722,-131
254030,254030,UT,DS,1,0,1,,,02:14:16 14-May-2024,A1,B,36.7379,-122.3361,36.7379,-122.3361,6,,401677714,-130
254030,254030,UT,DS,4,0,0,115,91,04:15:04 14-May-2024,NP,2,36.6800,-122.3728,36.6800,-122.3728,57,,401677740,-124
254030,254030,UT,DS,2,0,1,52,52,04:22:22 14-May-2024,MB,B,36.6775,-122.3735,36.6775,-122.3735,6,,401677731,-130
254030,254030,UT,DS,1,0,0,,,05:15:25 14-May-2024,MC,B,36.6705,-122.3795,36.6705,-122.3795,7,,401677749,-128
254030,254030,UT,DS,1,0,0,,,05:30:13 14-May-2024,NN,B,36.6679,-122.3811,36.6679,-122.3811,6,,401677744,-137
254030,254030,UT,DS,2,0,1,103,103,05:58:08 14-May-2024,NP,B,36.6901,-122.3990,36.6901,-122.3990,6,,401677746,-130
254030,254030,UT,DS,1,0,0,,,06:58:31 14-May-2024,MC,B,36.6672,-122.4101,36.6672,-122.4101,8,,401677748,-126
254030,254030,UT,DS,5,0,1,76,33,07:14:30 14-May-2024,NN,1,36.6918,-122.4235,36.6918,-122.4235,56,,401677732,-126
254030,254030,UT,DS,4,0,0,179,144,08:21:00 14-May-2024,O3,1,36.6855,-122.4150,36.6855,-122.4150,47,,401677747,-132
254030,254030,UT,DS,6,0,0,93,39,13:25:25 14-May-2024,SR,1,36.7775,-122.3826,36.7775,-122.3826,58,,401677699,-125
254030,254030,UT,DS,3,0,0,126,30,13:32:19 14-May-2024,CS,A,36.7634,-122.3863,36.7634,-122.3863,6,,401677700,-126
254030,254030,UT,DS,2,0,1,53,53,14:18:26 14-May-2024,A1,B,36.7738,-122.4069,36.7738,-122.4069,7,,401677714,-134
254030,254030,UT,DS,1,0,0,,,15:02:19 14-May-2024,SR,B,36.7747,-122.4118,36.7747,-122.4118,8,,401677714,-137
254030,254030,UT,DS,1,0,0,,,15:16:56 14-May-2024,CS,B,36.7721,-122.4111,36.7721,-122.4111,6,,401677721,-141
254030,254030,UT,DS,3,1,0,,,16:00:48 14-May-2024,NK,A,36.7100,-122.3772,36.7100,-122.3772,7,,401677735,-132
254030,254030,UT,DS,1,0,0,,,18:01:06 14-May-2024,NN,B,36.6619,-122.3590,36.6619,-122.3590,8,,401677726,-133
254030,254030,UT,DS,6,0,2,97,50,18:18:06 14-May-2024,NP,3,36.6999,-122.4667,36.6999,-122.4667,56,,401677734,-133
254030,254030,UT,DS,5,0,0,78,44,19:16:06 14-May-2024,MC,1,36.7351,-122.4945,36.7351,-122.4945,58,,401677728,-126
254030,254030,UT,DS,1,0,1,,,20:29:04 14-May-2024,O3,B,36.7122,-122.5021,36.7122,-122.5021,7,,401677747,-131
254030,254030,UT,DS,1,0,0,,,21:17:37 14-May-2024,NN,B,36.7032,-122.5034,36.7032,-122.5034,8,,401677742,-132
254030,254030,UT,DS,1,0,0,,,03:12:18 15-May-2024,SR,B,36.6450,-122.5313,36.6450,-122.5313,8,,401677757,-135
254030,254030,UT,DS,3,0,0,168,76,03:16:32 15-May-2024,MC,A,36.7134,-122.6266,36.7134,-122.6266,6,,401677744,-129
254030,254030,UT,DS,2,0,1,268,268,03:21:14 15-May-2024,NK,B,36.7090,-122.6221,36.7090,-122.6221,6,,401677743,-125
254030,254030,UT,DS,3,0,1,77,76,03:22:11 15-May-2024,A1,A,36.7113,-122.6207,36.7113,-122.6207,6,,401677744,-130
254030,254030,UT,DS,4,0,1,236,175,04:09:32 15-May-2024,NP,1,36.7165,-122.6122,36.7165,-122.6122,46,,401677748,-130
254030,254030,UT,DS,1,0,0,,,04:08:05 15-May-2024,MB,B,36.7032,-122.6237,36.7032,-122.6237,8,,401677747,-136
254030,254030,UT,DS,1,0,0,,,04:58:53 15-May-2024,MC,B,36.6889,-122.6138,36.6889,-122.6138,8,,401677757,-123
254030,254030,UT,DS,4,0,0,115,75,05:18:46 15-May-2024,NN,1,36.7122,-122.6037,36.7122,-122.6037,46,,401677749,-128
254030,254030,UT,DS,4,0,0,54,42,05:58:50 15-May-2024,O3,0,36.7212,-122.5955,,,58,,401677744,-134
254030,254030,UT,DS,5,0,1,96,38,07:03:08 15-May-2024,NN,1,36.7105,-122.5743,36.7105,-122.5743,48,,401677744,-126
254030,254030,UT,DS,1,0,0,,,12:59:01 15-May-2024,CS,B,36.6895,-122.5061,36.6895,-122.5061,8,,401677716,-134
254030,254030,UT,DS,3,0,1,75,57,13:58:57 15-May-2024,A1,A,36.6671,-122.4557,36.6671,-122.4557,8,,401677715,-128
254030,254030,UT,DS,2,0,0,186,186,14:29:05 15-May-2024,CS,B,36.6619,-122.4382,36.6619,-122.4382,8,,401677705,-126
254030,254030,UT,DS,1,0,0,,,14:32:11 15-May-2024,SR,B,36.6629,-122.4401,36.6629,-122.4401,6,,401677722,-131
254030,254030,UT,DS,1,0,1,,,15:30:44 15-May-2024,NK,B,36.6516,-122.4167,36.6516,-122.4167,8,,401677707,-137
254030,254030,UT,DS,2,0,0,164,164,16:27:27 15-May-2024,NP,B,36.6513,-122.4067,36.6513,-122.4067,8,,401677701,-131
254030,254030,UT,DS,1,0,0,,,17:12:19 15-May-2024,NK,B,36.6485,-122.3917,36.6485,-122.3917,8,,401677710,-131
254030,254030,UT,DS,2,0,0,407,407,17:12:19 15-May-2024,MC,,,,,,,,401650000,
254030,254030,UT,DS,1,0,1,,,17:41:20 15-May-2024,NN,B,36.6512,-122.3998,36.6512,-122.3998,6,,401677708,-133
254030,254030,UT,DS,2,0,0,89,89,18:05:59 15-May-2024,MB,B,36.6676,-122.3990,36.6676,-122.3990,6,,401677722,-132
254030,254030,UT,DS,5,1,0,,,18:06:28 15-May-2024,NP,0,36.6436,-122.3739,36.6436,-122.3739,46,,401677710,-128
254030,254030,UT,DS,1,0,0,,,18:59:01 15-May-2024,MC,,,,,,,,401650000,
254030,254030,UT,DS,4,0,0,109,49,19:21:39 15-May-2024,NN,1,36.6588,-122.4160,36.6588,-122.4160,58,,401677717,-125
254030,254030,UT,DS,1,0,1,,,21:05:14 15-May-2024,NN,B,36.6527,-122.3958,36.6527,-122.3958,8,,401677716,-135
254030,254030,UT,DS,4,0,0,155,32,21:18:01 15-May-2024,O3,3,36.6729,-122.3913,36.6729,-122.3913,56,,401677710,-128
254030,254030,UT,DS,3,0,0,32,30,00:02:15 16-May-2024,CS,A,36.7073,-122.4386,36.7073,-122.4386,8,,401677697,-127
254030,254030,UT,DS,3,0,0,95,35,01:04:59 16-May-2024,SR,A,36.6988,-122.5135,36.6988,-122.5135,7,,401677720,-131
254030,254030,UT,DS,3,0,1,221,44,01:38:59 16-May-2024,CS,A,36.6779,-122.5245,36.6779,-122.5245,8,,401677710,-137
254030,254030,UT,DS,1,0,0,,,02:41:55 16-May-2024,SR,B,36.6704,-122.5406,36.6704,-122.5406,6,,401677743,-135
254030,254030,UT,DS,1,0,0,,,04:25:01 16-May-2024,SR,B,36.6667,-122.5394,36.6667,-122.5394,8,,401677752,-140
254030,254030,UT,DS,1,0,0,,,04:31:39 16-May-2024,MC,B,36.6617,-122.5547,36.6617,-122.5547,6,,401677746,-131
254030,254030,UT,DS,1,0,0,,,05:12:12 16-May-2024,NN,B,36.6579,-122.5629,36.6579,-122.5629,8,,401677745,-131
254030,254030,UT,DS,2,0,2,138,138,05:32:22 16-May-2024,NP,B,36.6605,-122.5588,36.6605,-122.5588,6,,401677741,-134
254030,254030,UT,DS,3,0,0,83,65,06:16:47 16-May-2024,MC,A,36.7253,-122.5811,36.7253,-122.5811,8,,401677756,-126
254030,254030,UT,DS,1,0,0,,,08:28:19 16-May-2024,O3,B,36.7480,-122.6045,36.7480,-122.6045,8,,401677682,-133
