original_track_id,domain_run,n_locations,start_time,end_time,duration_hours,start_lon,start_lat,end_lon,end_lat
254025_0,0,16,2024-04-08T17:00:00Z,2024-04-14T05:00:00Z,132,-122.0699,36.9509,-122.3133774,36.4635878
254025_0,2,1,2024-05-14T11:00:00Z,2024-05-14T11:00:00Z,0,-122.1225399,36.25142433,-122.1225399,36.25142433
254025_0,4,138,2024-05-16T11:00:00Z,2024-06-19T17:00:00Z,822,-122.2790898,36.35725728,-122.7333275,37.05834193
254026_0,0,30,2024-04-08T17:00:00Z,2024-04-15T23:00:00Z,174,-122.0637,36.9493,-122.7095645,37.52457339
254026_0,2,3,2024-04-16T23:00:00Z,2024-04-17T11:00:00Z,12,-122.9872178,37.57571977,-123.2162068,37.40042013
254026_0,4,1,2024-04-18T05:00:00Z,2024-04-18T05:00:00Z,0,-123.222204,37.18479775,-123.222204,37.18479775
254026_0,6,27,2024-04-18T17:00:00Z,2024-04-25T05:00:00Z,156,-123.1541723,37.10233299,-122.9054504,37.53680621
254026_2,0,29,2024-05-14T18:00:00Z,2024-05-21T18:00:00Z,168,-122.2837,36.3145,-122.1225523,36.26805496
254026_2,2,47,2024-06-01T06:00:00Z,2024-06-12T18:00:00Z,276,-122.1085745,36.34118592,-121.9830705,36.87183985
254027_0,0,12,2024-04-08T17:00:00Z,2024-04-13T17:00:00Z,120,-122.0682,36.9493,-122.5668075,37.39141313
254027_0,2,148,2024-04-14T11:00:00Z,2024-05-21T11:00:00Z,888,-122.8070879,37.5402499,-122.1959427,36.92336304
254030_0,0,152,2024-04-08T17:00:00Z,2024-05-16T11:00:00Z,906,-122.0504,36.9485,-122.5916117,36.77138159
